Cliente;ID;Tipo;Data da Venda;Categoria;Vendedor;Regional;duracao_do_contrato_meses;Equipe; Valor
Cliente 89;20202073;Produtos;31/01/2020;Novo Logo;Vendedor 7;USA;37;Time 5;24970500
Cliente 21;20213716;Licenciamento;30/04/2021;Renovação;Vendedor 29;Brasil;37;Time 1;18192880,38
Cliente 3;20202099;Licenciamento;24/01/2020;Renovação;Vendedor 10;Brasil;4;Time 3;12539816,58
Cliente 14;20191299;Serviços;28/06/2019;Upselling;Vendedor 10;Brasil;13;Time 7;12100320
Cliente 14;20202455;Serviços;22/09/2020;Cross selling;Vendedor 18;Brasil;12;Time 1;9048490,66
Cliente 5;20180663;Produtos;30/06/2020;Renovação;Vendedor 3;Brasil;36;Time 1;7469497,4
Cliente 5;20180665;Licenciamento;26/10/2018;Novo Logo;Vendedor 3;Argentina;14;Time 1;7122171,55
Cliente 5;20190717;Licenciamento;17/10/2019;Renovação;Vendedor 3;Brasil;12;Time 1;7122171,55
Cliente 5;20180353;Licenciamento;05/06/2019;Renovação;Vendedor 3;Brasil;37;Time 1;6922370,84
Cliente 14;20213204;Serviços;09/03/2021;Upselling;Vendedor 18;Brasil;12;Time 1;6707860
Cliente 3;20191915;Licenciamento;24/01/2020;Renovação;Vendedor 10;Brasil;12;Time 3;6383772,66
Cliente 138;20203144;Licenciamento;16/12/2020;Upselling;Vendedor 3;Brasil;12;Time 1;6000000
Cliente 3;20191651;Licenciamento;26/09/2019;Renovação;Vendedor 10;Brasil;12;Time 7;5927305,92
Cliente 3;20189999;Licenciamento;28/09/2018;Renovação;Vendedor 4;Brasil;12;Time 2;5927305
Cliente 64;20190703;Licenciamento;24/06/2019;Upselling;Vendedor 8;Mexico;37;Time 6;5316300
Cliente 21;20202058;Licenciamento;30/04/2020;Cross selling;Vendedor 3;Brasil;24;Time 1;5039994,61
Cliente 156;20213471;Produtos;31/03/2021;Novo Logo;Vendedor 7;Brasil;22;Time 5;4775245
Cliente 78;20191936;Produtos;26/12/2019;Novo Logo;Vendedor 7;Brasil;61;Time 5;4734499
Cliente 2;20191318;Licenciamento;03/10/2019;Upselling;Vendedor 3;Brasil;24;Time 1;4134303,11
Cliente 71;20202392;Produtos;12/06/2020;Cross selling;Vendedor 7;Brasil;49;Time 5;4000000
Cliente 5;20180145;Licenciamento;15/06/2018;Upselling;Vendedor 3;Brasil;37;Time 1;3810588,2
Cliente 13;20190910;Licenciamento;18/03/2019;Upselling;Vendedor 1;Brasil;28;Time 1;3649217,87
Cliente 30;20191803;Licenciamento;30/06/2020;Renovação;Vendedor 8;Mexico;24;Time 9;3640860
Cliente 71;20191849;Produtos;14/12/2020;Renovação;Vendedor 9;Brasil;36;Time 3;3600000
Cliente 10;20213488;Serviços;10/02/2021;Upselling;Vendedor 9;Brasil;11;Time 3;3487357,44
Cliente 138;20203140;Produtos;14/12/2020;Novo Logo;Vendedor 3;Brasil;12;Time 1;3484000
Cliente 138;20213354;Produtos;29/01/2021;Upselling;Vendedor 3;Brasil;12;Time 1;3415203,84
Cliente 118;20202689;Produtos;30/09/2020;Novo Logo;Vendedor 3;Brasil;12;Time 1;3398870,55
Cliente 5;20180355;Licenciamento;05/06/2019;Renovação;Vendedor 3;Brasil;37;Time 1;3315000
Cliente 5;20170200;Licenciamento;15/06/2018;Renovação;Vendedor 3;Brasil;12;Time 1;3111782,64
Cliente 108;20202418;Produtos;18/08/2020;Novo Logo;Vendedor 7;Brasil;35;Time 5;3034873,44
Cliente 111;20202580;Produtos;31/08/2020;Novo Logo;Vendedor 19;Brasil;53;Time 3;3016440
Cliente 100;20202206;Produtos;15/05/2020;Novo Logo;Vendedor 13;Brasil;37;Time 3;2891561
Cliente 13;20202698;Licenciamento;25/09/2020;Upselling;Vendedor 13;Brasil;24;Time 3;2797378,88
Cliente 9;20203096;Produtos;10/12/2020;Upselling;Vendedor 13;Brasil;36;Time 3;2571006,08
Cliente 5;20180000;Licenciamento;08/10/2018;Cross selling;Vendedor 3;Brasil;12;Time 1;2565216
Cliente 5;20180676;Licenciamento;15/08/2019;Renovação;Vendedor 3;Brasil;12;Time 1;2565216
Cliente 130;20191389;Produtos;16/11/2020;Novo Logo;Vendedor 20;Brasil;36;Time 3;2564644,92
Cliente 119;20202127;Licenciamento;30/09/2020;Novo Logo;Vendedor 8;Mexico;37;Time 9;2450331
Cliente 14;20180206;Serviços;30/04/2018;Upselling;Vendedor 4;Brasil;13;Time 2;2379999,84
Cliente 30;20213270;Licenciamento;30/03/2021;Novo Logo;Vendedor 8;Mexico;12;Time 9;2353413,24
Cliente 3;20180346;Licenciamento;07/08/2019;Renovação;Vendedor 10;Brasil;37;Time 7;2266667
Cliente 3;20191554;Licenciamento;13/03/2020;Renovação;Vendedor 10;Brasil;12;Time 3;2266666,9
Cliente 5;20180662;Licenciamento;30/06/2020;Renovação;Vendedor 3;Brasil;24;Time 1;2205975,01
Cliente 89;20202248;Produtos;01/05/2020;Upselling;Vendedor 7;USA;1;Time 5;2122164,45
Cliente 44;20191885;Licenciamento;03/12/2019;Upselling;Vendedor 8;Mexico;25;Time 6;2110324,08
Cliente 4;20201960;Licenciamento;22/06/2020;Renovação;Vendedor 3;Brasil;12;Time 1;2082394,71
Cliente 30;20180258;Licenciamento;22/11/2018;Novo Logo;Vendedor 8;Mexico;38;Time 6;2029860
Cliente 88;20191272;Licenciamento;29/01/2020;Novo Logo;Vendedor 3;Brasil;24;Time 1;2016870,8
Cliente 5;20180666;Licenciamento;26/10/2018;Cross selling;Vendedor 3;Argentina;12;Time 1;1989000
Cliente 5;20190718;Licenciamento;17/10/2019;Renovação;Vendedor 3;Brasil;12;Time 1;1989000
Cliente 77;20191644;Serviços;04/10/2019;Novo Logo;Vendedor 14;Brasil;12;Time 3;1982095,09
Cliente 37;20191079;Licenciamento;27/07/2019;Upselling;Vendedor 8;Mexico;16;Time 6;1981245,39
Cliente 58;20190943;Produtos;30/04/2019;Novo Logo;Vendedor 4;Brasil;19;Time 2;1968600
Cliente 89;20202327;Produtos;02/06/2020;Upselling;Vendedor 7;USA;1;Time 5;1947564,75
Cliente 71;20213513;Produtos;15/04/2021;Cross selling;Vendedor 7;Brasil;61;Time 5;1865700
Cliente 5;20170201;Licenciamento;15/06/2018;Renovação;Vendedor 3;Brasil;14;Time 1;1838012,37
Cliente 5;20180354;Licenciamento;05/06/2019;Renovação;Vendedor 3;Brasil;37;Time 1;1838012,37
Cliente 126;20202980;Produtos;30/10/2020;Novo Logo;Vendedor 7;Brasil;12;Time 5;1750373,68
Cliente 129;20202637;Produtos;16/11/2020;Novo Logo;Vendedor 7;Brasil;60;Time 5;1740000
Cliente 14;20213604;Serviços;27/04/2021;Upselling;Vendedor 18;Brasil;12;Time 1;1718115,84
Cliente 8;20191949;Serviços;17/01/2020;Renovação;Vendedor 3;Brasil;11;Time 1;1713600
Cliente 8;20202710;Serviços;22/09/2020;Renovação;Vendedor 3;Brasil;12;Time 1;1713600
Cliente 160;20213843;Produtos;30/04/2021;Novo Logo;Vendedor 21;Brasil;67;Time 3;1658000
Cliente 5;20170202;Licenciamento;15/06/2018;Renovação;Vendedor 3;Brasil;12;Time 1;1657500
Cliente 5;20180254;Licenciamento;15/06/2018;Upselling;Vendedor 3;Brasil;37;Time 1;1657500
Cliente 106;20202567;Produtos;17/08/2020;Novo Logo;Vendedor 16;Brasil;18;Time 3;1649610,36
Cliente 3;20180040;Licenciamento;29/03/2018;Cross selling;Vendedor 4;Brasil;12;Time 2;1631893,57
Cliente 8;20191853;Licenciamento;01/07/2020;Renovação;Vendedor 3;Brasil;12;Time 1;1590196,64
Cliente 13;20201975;Licenciamento;31/01/2020;Renovação;Vendedor 1;Brasil;18;Time 1;1584032,12
Cliente 140;20203042;Produtos;14/12/2020;Novo Logo;Vendedor 22;Brasil;61;Time 11;1544000
Cliente 108;20203129;Produtos;18/08/2020;Novo Logo;Vendedor 13;Brasil;35;Time 3;1517436,72
Cliente 71;20191602;Produtos;09/09/2019;Novo Logo;Vendedor 9;Brasil;12;Time 3;1500000
Cliente 8;20202157;Produtos;16/03/2020;Cross selling;Vendedor 3;Brasil;12;Time 1;1499400
Cliente 14;20191347;Serviços;23/09/2019;Upselling;Vendedor 10;Brasil;12;Time 7;1472416
Cliente 30;20190836;Licenciamento;31/01/2020;Renovação;Vendedor 8;Mexico;24;Time 9;1466010
Cliente 24;20202938;Licenciamento;19/04/2021;Renovação;Vendedor 9;Brasil;1;Time 3;1440707,04
Cliente 94;20202169;Produtos;31/03/2020;Novo Logo;Vendedor 7;Brasil;62;Time 5;1438500
Cliente 149;20203154;Produtos;25/02/2021;Novo Logo;Vendedor 20;Brasil;61;Time 3;1427952
Cliente 79;20202364;Licenciamento;04/12/2020;Novo Logo;Vendedor 8;Mexico;24;Time 9;1396200
Cliente 14;20191413;Licenciamento;17/08/2020;Cross selling;Vendedor 18;Brasil;12;Time 1;1391362,64
Cliente 5;20213498;Serviços;11/02/2021;Upselling;Vendedor 3;Brasil;12;Time 1;1386844,2
Cliente 116;20202723;Licenciamento;25/09/2020;Novo Logo;Vendedor 8;Mexico;12;Time 9;1369162,05
Cliente 13;20180301;Licenciamento;23/07/2018;Upselling;Vendedor 1;Brasil;37;Time 1;1351967,23
Cliente 3;20213659;Produtos;23/04/2021;Upselling;Vendedor 28;Brasil;22;Time 1;1345026,41
Cliente 14;20170128;Serviços;15/06/2018;Upselling;Vendedor 4;Brasil;12;Time 2;1330000
Cliente 94;20202603;Produtos;22/09/2020;Cross selling;Vendedor 7;Brasil;61;Time 5;1320000
Cliente 3;20213656;Produtos;07/04/2021;Upselling;Vendedor 28;Brasil;22;Time 1;1305402,59
Cliente 5;20180129;Serviços;11/05/2018;Upselling;Vendedor 3;Brasil;8;Time 1;1297361,52
Cliente 5;20191281;Licenciamento;30/09/2019;Upselling;Vendedor 3;Brasil;12;Time 1;1293997,98
Cliente 50;20203022;Serviços;03/02/2021;Renovação;Vendedor 9;Brasil;12;Time 3;1270080
Cliente 109;20213577;Serviços;22/03/2021;Cross selling;Vendedor 13;Brasil;12;Time 3;1229003,3
Cliente 8;20180337;Licenciamento;29/07/2019;Renovação;Vendedor 3;Brasil;37;Time 1;1220000
Cliente 123;20213576;Serviços;11/03/2021;Upselling;Vendedor 13;Brasil;11;Time 3;1219061,58
Cliente 77;20180497;Produtos;04/10/2019;Novo Logo;Vendedor 14;Brasil;1;Time 3;1205681,75
Cliente 59;20190927;Licenciamento;03/05/2019;Novo Logo;Vendedor 3;Brasil;37;Time 1;1200000
Cliente 3;20203200;Licenciamento;19/01/2021;Renovação;Vendedor 3;Brasil;25;Time 1;1171114,79
Cliente 3;20190873;Licenciamento;31/01/2019;Upselling;Vendedor 10;Brasil;32;Time 7;1142316,45
Cliente 24;20202065;Licenciamento;25/06/2020;Renovação;Vendedor 9;Brasil;12;Time 3;1110336,08
Cliente 50;20202056;Serviços;29/01/2020;Renovação;Vendedor 9;Brasil;12;Time 3;1100010,24
Cliente 17;20180351;Licenciamento;24/09/2019;Renovação;Vendedor 3;Brasil;37;Time 1;1072800
Cliente 75;20202465;Serviços;14/07/2020;Renovação;Vendedor 9;Brasil;24;Time 3;1063883,52
Cliente 5;20191827;Produtos;30/11/2020;Renovação;Vendedor 3;Brasil;12;Time 1;1062053,45
Cliente 113;20202480;Licenciamento;21/09/2020;Novo Logo;Vendedor 1;Brasil;36;Time 1;1055110,36
Cliente 5;20202135;Serviços;02/03/2020;Renovação;Vendedor 3;Brasil;10;Time 1;1047455
Cliente 35;20180269;Licenciamento;28/09/2018;Renovação;Vendedor 8;Mexico;12;Time 6;1040437,5
Cliente 89;20202244;Produtos;02/04/2020;Upselling;Vendedor 7;USA;1;Time 5;1035205,24
Cliente 8;20202707;Serviços;22/09/2020;Renovação;Vendedor 3;Brasil;12;Time 1;1028160
Cliente 9;20191667;Licenciamento;30/03/2020;Cross selling;Vendedor 10;Brasil;12;Time 3;1021350
Cliente 21;20202274;Serviços;30/04/2020;Cross selling;Vendedor 3;Brasil;12;Time 1;1011387,74
Cliente 5;20180113;Serviços;05/03/2018;Upselling;Vendedor 3;Brasil;8;Time 1;1010653,2
Cliente 44;20213288;Licenciamento;09/02/2021;Renovação;Vendedor 8;Mexico;12;Time 9;1006875
Cliente 71;20202396;Produtos;12/06/2020;Cross selling;Vendedor 7;Brasil;12;Time 5;1000000
Cliente 30;20190837;Licenciamento;31/10/2019;Renovação;Vendedor 8;Mexico;12;Time 6;998820
Cliente 8;20170162;Licenciamento;31/08/2018;Renovação;Vendedor 4;Brasil;12;Time 2;989861
Cliente 8;20190866;Serviços;11/06/2019;Upselling;Vendedor 3;Brasil;7;Time 1;973728
Cliente 30;20191809;Licenciamento;28/10/2020;Renovação;Vendedor 8;Mexico;12;Time 9;966637,05
Cliente 4;20190762;Licenciamento;23/04/2019;Upselling;Vendedor 3;Brasil;12;Time 1;963921,84
Cliente 34;20180376;Licenciamento;27/09/2018;Novo Logo;Vendedor 4;Brasil;49;Time 2;962695
Cliente 5;20170165;Licenciamento;06/09/2018;Renovação;Vendedor 3;Brasil;12;Time 1;957075,28
Cliente 5;20180142;Serviços;02/04/2018;Upselling;Vendedor 3;Brasil;13;Time 1;951050,64
Cliente 5;20180128;Serviços;02/04/2018;Upselling;Vendedor 3;Brasil;6;Time 1;945932,4
Cliente 44;20190941;Licenciamento;21/05/2019;Upselling;Vendedor 8;Mexico;9;Time 6;935470,11
Cliente 8;20213608;Serviços;19/04/2021;Upselling;Vendedor 23;Brasil;9;Time 1;930048
Cliente 13;20213594;Licenciamento;12/03/2021;Upselling;Vendedor 13;Brasil;12;Time 3;920035,77
Cliente 52;20202142;Serviços;16/03/2020;Renovação;Vendedor 16;Brasil;9;Time 3;917182,12
Cliente 8;20202531;Produtos;09/10/2020;Cross selling;Vendedor 3;Brasil;12;Time 1;914355,83
Cliente 15;20170005;Serviços;27/03/2018;Novo Logo;Vendedor 5;Colombia;5;Time 3;913900
Cliente 34;20202222;Licenciamento;30/06/2020;Upselling;Vendedor 13;Brasil;27;Time 3;900000
Cliente 43;20180518;Produtos;18/12/2018;Upselling;Vendedor 6;Brasil;12;Time 3;894024
Cliente 37;20180613;Licenciamento;18/12/2018;Upselling;Vendedor 8;Mexico;11;Time 6;884443,35
Cliente 5;20191823;Produtos;18/09/2020;Renovação;Vendedor 3;Brasil;12;Time 1;840500
Cliente 69;20191254;Serviços;26/08/2019;Novo Logo;Vendedor 13;Brasil;1;Time 3;840360,48
Cliente 101;20191169;Licenciamento;26/05/2020;Novo Logo;Vendedor 3;Brasil;12;Time 1;837527
Cliente 5;20191426;Serviços;29/07/2019;Upselling;Vendedor 3;Brasil;15;Time 1;825277,68
Cliente 8;20191852;Licenciamento;30/04/2020;Renovação;Vendedor 3;Brasil;24;Time 1;807228,66
Cliente 5;20180649;Licenciamento;20/09/2019;Renovação;Vendedor 3;Brasil;12;Time 1;782418,25
Cliente 9;20213265;Licenciamento;18/03/2021;Renovação;Vendedor 13;Brasil;12;Time 3;777822,91
Cliente 5;20213495;Serviços;10/02/2021;Upselling;Vendedor 3;Brasil;12;Time 1;772726,68
Cliente 14;20191652;Serviços;27/12/2019;Cross selling;Vendedor 10;Brasil;12;Time 7;765920
Cliente 15;20191003;Serviços;31/03/2019;Upselling;Vendedor 12;Colombia;4;Time 6;757427,76
Cliente 4;20202269;Licenciamento;18/12/2020;Upselling;Vendedor 3;Brasil;24;Time 1;748118,92
Cliente 30;20213291;Licenciamento;10/02/2021;Renovação;Vendedor 8;Mexico;12;Time 9;733005
Cliente 98;20202285;Produtos;11/05/2020;Novo Logo;Vendedor 19;Brasil;12;Time 3;720000
Cliente 5;20213501;Serviços;11/02/2021;Upselling;Vendedor 3;Brasil;12;Time 1;719636,4
Cliente 34;20202102;Produtos;16/03/2020;Upselling;Vendedor 13;Brasil;36;Time 3;712800
Cliente 26;20203055;Serviços;29/04/2021;Renovação;Vendedor 18;Brasil;12;Time 1;704098,56
Cliente 26;20202676;Licenciamento;22/10/2020;Upselling;Vendedor 18;Brasil;12;Time 1;703362,68
Cliente 58;20203100;Produtos;17/02/2021;Novo Logo;Vendedor 17;Brasil;61;Time 8;701653,6
Cliente 5;20180519;Serviços;24/10/2018;Upselling;Vendedor 3;Brasil;12;Time 1;700045,5
Cliente 8;20191742;Serviços;18/10/2019;Upselling;Vendedor 3;Brasil;7;Time 1;698880
Cliente 145;20213279;Produtos;16/12/2020;Novo Logo;Vendedor 13;Brasil;37;Time 3;696344,04
Cliente 2;20180610;Licenciamento;26/02/2019;Upselling;Vendedor 3;Brasil;12;Time 1;695000
Cliente 30;20202247;Licenciamento;27/07/2020;Upselling;Vendedor 8;Mexico;12;Time 9;689373,75
Cliente 102;20202693;Produtos;04/06/2020;Novo Logo;Vendedor 19;Brasil;3;Time 3;688500
Cliente 38;20201956;Licenciamento;14/01/2020;Renovação;Vendedor 8;Mexico;12;Time 9;687360
Cliente 5;20191430;Serviços;23/07/2019;Upselling;Vendedor 3;Brasil;2;Time 1;687108,56
Cliente 8;20191946;Serviços;17/01/2020;Renovação;Vendedor 3;Brasil;12;Time 1;685440
Cliente 8;20202706;Serviços;22/09/2020;Renovação;Vendedor 3;Brasil;12;Time 1;685440
Cliente 8;20202711;Serviços;22/09/2020;Renovação;Vendedor 3;Brasil;12;Time 1;685440
Cliente 8;20203158;Serviços;12/01/2021;Upselling;Vendedor 3;Brasil;12;Time 1;685440
Cliente 30;20202090;Licenciamento;23/03/2020;Upselling;Vendedor 8;Mexico;38;Time 9;676620
Cliente 30;20213290;Licenciamento;25/03/2021;Renovação;Vendedor 8;Mexico;12;Time 9;676620
Cliente 3;20202245;Licenciamento;29/04/2020;Renovação;Vendedor 3;Brasil;12;Time 1;671738,63
Cliente 43;20190847;Produtos;18/12/2019;Upselling;Vendedor 13;Brasil;12;Time 3;670518
Cliente 3;20213662;Produtos;30/04/2021;Upselling;Vendedor 28;Brasil;12;Time 1;656708,75
Cliente 4;20191131;Serviços;26/08/2019;Upselling;Vendedor 3;Brasil;4;Time 1;647795,56
Cliente 38;20180290;Licenciamento;24/01/2019;Renovação;Vendedor 8;Mexico;12;Time 6;644400
Cliente 50;20180523;Serviços;26/02/2019;Novo Logo;Vendedor 9;Brasil;7;Time 3;636822,48
Cliente 5;20180356;Licenciamento;12/11/2018;Renovação;Vendedor 3;Brasil;12;Time 1;629148,46
Cliente 5;20180651;Licenciamento;17/10/2019;Renovação;Vendedor 3;Brasil;12;Time 1;627322,13
Cliente 111;20202639;Produtos;31/08/2020;Novo Logo;Vendedor 19;Brasil;61;Time 3;626220
Cliente 26;20191905;Serviços;28/02/2020;Upselling;Vendedor 18;Brasil;13;Time 1;624960
Cliente 10;20180318;Serviços;22/08/2018;Upselling;Vendedor 1;Brasil;9;Time 1;622742,4
Cliente 43;20180674;Licenciamento;19/12/2019;Cross selling;Vendedor 13;Brasil;37;Time 3;618480
Cliente 2;20202950;Licenciamento;14/12/2020;Cross selling;Vendedor 3;Brasil;12;Time 1;616738,68
Cliente 30;20191776;Licenciamento;31/10/2019;Upselling;Vendedor 8;Mexico;12;Time 6;607669,2
Cliente 140;20203041;Produtos;14/12/2020;Novo Logo;Vendedor 22;Brasil;73;Time 11;606000
Cliente 30;20202514;Licenciamento;17/08/2020;Renovação;Vendedor 8;Mexico;14;Time 9;601440
Cliente 26;20180342;Licenciamento;23/10/2019;Upselling;Vendedor 10;Brasil;12;Time 7;595017
Cliente 37;20180439;Licenciamento;11/10/2018;Renovação;Vendedor 8;Mexico;12;Time 6;593385
Cliente 145;20202211;Serviços;16/12/2020;Cross selling;Vendedor 13;Brasil;13;Time 3;585205,25
Cliente 8;20180132;Licenciamento;17/04/2018;Cross selling;Vendedor 2;Brasil;12;Time 2;583342
Cliente 8;20180336;Licenciamento;03/05/2019;Renovação;Vendedor 3;Brasil;12;Time 1;583342
Cliente 3;20191659;Licenciamento;13/12/2019;Renovação;Vendedor 10;Brasil;22;Time 7;578403,08
Cliente 43;20180217;Licenciamento;17/07/2019;Upselling;Vendedor 13;Brasil;22;Time 3;573915
Cliente 136;20203156;Licenciamento;23/12/2020;Novo Logo;Vendedor 8;Mexico;12;Time 9;564172,2
Cliente 44;20190842;Licenciamento;24/01/2020;Renovação;Vendedor 8;Mexico;24;Time 9;563850
Cliente 4;20203098;Produtos;30/04/2021;Cross selling;Vendedor 29;Brasil;12;Time 1;563546,2
Cliente 78;20191650;Produtos;04/10/2019;Novo Logo;Vendedor 1;Brasil;37;Time 1;558302,35
Cliente 16;20202094;Serviços;22/09/2020;Cross selling;Vendedor 20;Brasil;13;Time 3;550000
Cliente 3;20202165;Licenciamento;02/10/2020;Renovação;Vendedor 3;Brasil;12;Time 1;548760,08
Cliente 44;20190917;Licenciamento;29/04/2019;Novo Logo;Vendedor 8;Mexico;13;Time 6;547740
Cliente 48;20180444;Licenciamento;30/01/2019;Novo Logo;Vendedor 8;Mexico;32;Time 6;547740
Cliente 13;20191289;Licenciamento;19/06/2019;Upselling;Vendedor 1;Brasil;26;Time 1;547685,15
Cliente 50;20191566;Serviços;20/09/2019;Upselling;Vendedor 9;Brasil;3;Time 3;544496,4
Cliente 67;20213269;Licenciamento;21/01/2021;Novo Logo;Vendedor 8;Mexico;12;Time 9;537268,5
Cliente 12;20180358;Licenciamento;29/09/2020;Renovação;Vendedor 14;Brasil;12;Time 3;535800
Cliente 158;20191649;Licenciamento;26/04/2021;Novo Logo;Vendedor 12;Colombia;24;Time 10;534905,7
Cliente 137;20203130;Produtos;12/12/2020;Novo Logo;Vendedor 7;Brasil;61;Time 5;534600
Cliente 8;20202144;Serviços;06/03/2020;Renovação;Vendedor 3;Brasil;10;Time 1;532224
Cliente 75;20191294;Serviços;26/09/2019;Novo Logo;Vendedor 9;Brasil;12;Time 3;531941,76
Cliente 13;20202512;Licenciamento;24/07/2020;Renovação;Vendedor 13;Brasil;11;Time 3;529783,84
Cliente 13;20202077;Licenciamento;31/01/2020;Renovação;Vendedor 13;Brasil;17;Time 3;528010,48
Cliente 30;20180401;Licenciamento;25/01/2019;Renovação;Vendedor 8;Mexico;12;Time 6;523575
Cliente 10;20191143;Serviços;05/06/2019;Upselling;Vendedor 1;Brasil;1;Time 1;520489,68
Cliente 16;20202552;Serviços;22/09/2020;Upselling;Vendedor 20;Brasil;6;Time 3;518000
Cliente 16;20180137;Serviços;18/09/2019;Upselling;Vendedor 1;Brasil;1;Time 1;517224
Cliente 30;20190692;Licenciamento;31/07/2019;Upselling;Vendedor 8;Mexico;12;Time 6;515520
Cliente 84;20201970;Produtos;19/04/2021;Renovação;Vendedor 30;Brasil;12;Time 1;515446,83
Cliente 73;20191484;Serviços;18/09/2019;Novo Logo;Vendedor 12;Colombia;4;Time 6;514446
Cliente 5;20191482;Serviços;22/07/2019;Upselling;Vendedor 3;Brasil;3;Time 1;512132,4
Cliente 31;20191609;Serviços;30/09/2019;Upselling;Vendedor 9;Brasil;4;Time 3;501840
Cliente 71;20202308;Produtos;05/06/2020;Cross selling;Vendedor 9;Brasil;6;Time 3;500000
Cliente 16;20180069;Produtos;30/11/2018;Upselling;Vendedor 1;Brasil;6;Time 1;489617,84
Cliente 5;20190907;Serviços;25/02/2019;Upselling;Vendedor 3;Brasil;3;Time 1;486320,82
Cliente 107;20202390;Produtos;17/08/2020;Novo Logo;Vendedor 19;Brasil;61;Time 3;483800
Cliente 5;20180619;Serviços;08/10/2018;Cross selling;Vendedor 3;Brasil;16;Time 1;483200
Cliente 30;20191808;Licenciamento;26/10/2020;Renovação;Vendedor 8;Mexico;12;Time 9;481689
Cliente 65;20191276;Produtos;25/06/2019;Novo Logo;Vendedor 1;Brasil;23;Time 1;480000
Cliente 4;20191656;Licenciamento;26/05/2020;Renovação;Vendedor 3;Brasil;24;Time 1;475326,54
Cliente 5;20191282;Serviços;31/03/2020;Upselling;Vendedor 3;Brasil;15;Time 1;474075
Cliente 148;20213538;Produtos;12/02/2021;Novo Logo;Vendedor 24;Brasil;61;Time 11;463970
Cliente 5;20191128;Serviços;04/04/2019;Upselling;Vendedor 3;Brasil;3;Time 1;461688,46
Cliente 5;20191127;Serviços;04/04/2019;Upselling;Vendedor 3;Brasil;3;Time 1;461681,04
Cliente 109;20202962;Serviços;08/01/2021;Cross selling;Vendedor 13;Brasil;12;Time 3;459605,28
Cliente 10;20191625;Serviços;30/09/2019;Upselling;Vendedor 1;Brasil;3;Time 1;459488,75
Cliente 10;20191896;Serviços;06/12/2019;Upselling;Vendedor 1;Brasil;6;Time 1;456677,76
Cliente 79;20191600;Licenciamento;02/12/2019;Novo Logo;Vendedor 8;Mexico;12;Time 6;456450
Cliente 26;20180251;Produtos;22/05/2018;Upselling;Vendedor 6;Brasil;12;Time 3;454798,56
Cliente 26;20180426;Serviços;31/08/2018;Upselling;Vendedor 6;Brasil;13;Time 3;454798,56
Cliente 9;20170112;Produtos;20/03/2018;Renovação;Vendedor 4;Brasil;12;Time 2;453692,88
Cliente 5;20213308;Serviços;04/02/2021;Upselling;Vendedor 3;Brasil;10;Time 1;450858,24
Cliente 13;20190861;Licenciamento;31/01/2019;Upselling;Vendedor 1;Brasil;30;Time 1;440551,24
Cliente 5;20180528;Serviços;29/10/2018;Upselling;Vendedor 3;Brasil;5;Time 1;440000
Cliente 16;20190853;Produtos;22/11/2019;Renovação;Vendedor 1;Brasil;12;Time 1;438000
Cliente 16;20202460;Produtos;30/11/2020;Renovação;Vendedor 20;Brasil;12;Time 3;438000
Cliente 5;20191622;Serviços;01/10/2019;Upselling;Vendedor 3;Brasil;3;Time 1;434718,72
Cliente 94;20213417;Serviços;04/02/2021;Upselling;Vendedor 7;Brasil;24;Time 5;432000
Cliente 146;20202986;Licenciamento;29/12/2020;Novo Logo;Vendedor 12;Colombia;11;Time 10;429642,96
Cliente 37;20180534;Licenciamento;30/10/2018;Novo Logo;Vendedor 8;Mexico;12;Time 6;429600
Cliente 84;20191668;Licenciamento;30/12/2019;Novo Logo;Vendedor 3;Brasil;12;Time 1;427231,32
Cliente 2;20202899;Licenciamento;14/12/2020;Renovação;Vendedor 3;Brasil;13;Time 1;424654,8
Cliente 152;20213655;Produtos;17/03/2021;Novo Logo;Vendedor 27;Brasil;61;Time 12;420000
Cliente 62;20180121;Produtos;05/06/2019;Novo Logo;Vendedor 9;Brasil;16;Time 3;420000
Cliente 62;20202608;Serviços;25/08/2020;Upselling;Vendedor 13;Brasil;13;Time 3;420000
Cliente 37;20180458;Licenciamento;20/11/2018;Renovação;Vendedor 8;Mexico;12;Time 6;418860
Cliente 37;20191716;Licenciamento;16/10/2019;Upselling;Vendedor 8;Mexico;12;Time 6;418860
Cliente 71;20190879;Produtos;04/09/2019;Novo Logo;Vendedor 9;Brasil;12;Time 3;417891,11
Cliente 2;20202592;Licenciamento;11/01/2021;Upselling;Vendedor 3;Brasil;12;Time 1;416110,71
Cliente 10;20180412;Serviços;22/08/2018;Upselling;Vendedor 1;Brasil;6;Time 1;415161,6
Cliente 5;20190906;Serviços;25/02/2019;Upselling;Vendedor 3;Brasil;3;Time 1;414415,99
Cliente 23;20180226;Produtos;26/07/2018;Cross selling;Vendedor 1;Brasil;12;Time 1;408000
Cliente 44;20180375;Licenciamento;21/12/2018;Renovação;Vendedor 8;Mexico;12;Time 6;402750
Cliente 8;20180043;Serviços;06/02/2018;Upselling;Vendedor 2;Brasil;6;Time 2;401783
Cliente 63;20191177;Produtos;07/06/2019;Novo Logo;Vendedor 9;Brasil;9;Time 3;400000
Cliente 69;20191791;Serviços;11/11/2019;Upselling;Vendedor 13;Brasil;6;Time 3;399000
Cliente 4;20170105;Serviços;06/03/2018;Upselling;Vendedor 2;Brasil;11;Time 2;398562
Cliente 5;20191641;Serviços;20/09/2019;Upselling;Vendedor 3;Brasil;3;Time 1;396794,9
Cliente 10;20180317;Serviços;13/07/2018;Upselling;Vendedor 1;Brasil;6;Time 1;395862,54
Cliente 5;20202880;Serviços;09/11/2020;Upselling;Vendedor 3;Brasil;13;Time 1;395010
Cliente 3;20203199;Licenciamento;15/01/2021;Renovação;Vendedor 3;Brasil;25;Time 1;390371,61
Cliente 81;20202082;Serviços;17/08/2020;Upselling;Vendedor 16;Brasil;5;Time 3;389308
Cliente 4;20191725;Licenciamento;26/05/2020;Renovação;Vendedor 3;Brasil;24;Time 1;388818,4
Cliente 4;20202942;Licenciamento;22/10/2020;Upselling;Vendedor 3;Brasil;25;Time 1;388788,68
Cliente 24;20180343;Licenciamento;05/04/2019;Renovação;Vendedor 1;Brasil;12;Time 1;385335,65
Cliente 13;20191676;Serviços;15/10/2019;Upselling;Vendedor 1;Brasil;1;Time 1;384833,7
Cliente 150;20213369;Produtos;25/02/2021;Novo Logo;Vendedor 26;Brasil;61;Time 12;384000
Cliente 4;20213528;Licenciamento;19/03/2021;Renovação;Vendedor 3;Brasil;12;Time 1;382597,81
Cliente 16;20191358;Serviços;01/10/2019;Upselling;Vendedor 1;Brasil;5;Time 1;380785,85
Cliente 10;20180436;Serviços;19/09/2018;Upselling;Vendedor 1;Brasil;5;Time 1;380564,8
Cliente 21;20180102;Serviços;30/04/2018;Upselling;Vendedor 3;Brasil;11;Time 1;380400
Cliente 24;20202281;Serviços;25/06/2020;Cross selling;Vendedor 9;Brasil;1;Time 3;379663,2
Cliente 26;20180481;Serviços;21/12/2018;Upselling;Vendedor 6;Brasil;10;Time 3;378998,8
Cliente 93;20191756;Serviços;16/03/2020;Novo Logo;Vendedor 16;Brasil;6;Time 3;377040,2
Cliente 5;20202403;Serviços;12/06/2020;Renovação;Vendedor 3;Brasil;7;Time 1;370542,26
Cliente 16;20180373;Produtos;28/09/2018;Cross selling;Vendedor 1;Brasil;12;Time 1;366000
Cliente 64;20191583;Licenciamento;03/12/2019;Renovação;Vendedor 8;Mexico;13;Time 6;365160
Cliente 5;20180618;Serviços;08/10/2018;Cross selling;Vendedor 3;Brasil;4;Time 1;363794,4
Cliente 23;20190854;Produtos;28/08/2019;Renovação;Vendedor 1;Brasil;12;Time 1;360000
Cliente 5;20213497;Serviços;11/02/2021;Upselling;Vendedor 3;Brasil;12;Time 1;359818,2
Cliente 23;20191901;Serviços;16/12/2019;Cross selling;Vendedor 9;Brasil;5;Time 3;359186,94
Cliente 5;20180616;Licenciamento;08/10/2018;Cross selling;Vendedor 3;Brasil;12;Time 1;358398
Cliente 5;20190844;Licenciamento;15/08/2019;Renovação;Vendedor 3;Brasil;12;Time 1;358398
Cliente 10;20202594;Produtos;19/10/2020;Upselling;Vendedor 1;Brasil;36;Time 1;356400
Cliente 10;20202471;Serviços;07/07/2020;Upselling;Vendedor 14;Brasil;5;Time 3;354617,2
Cliente 4;20191076;Serviços;26/06/2019;Upselling;Vendedor 14;Brasil;8;Time 3;353001,6
Cliente 5;20202108;Serviços;04/03/2020;Renovação;Vendedor 3;Brasil;10;Time 1;350393
Cliente 10;20191705;Serviços;30/12/2019;Upselling;Vendedor 1;Brasil;3;Time 1;349075,92
Cliente 5;20180598;Serviços;26/11/2018;Upselling;Vendedor 3;Brasil;2;Time 1;344841,12
Cliente 4;20202074;Licenciamento;09/03/2020;Renovação;Vendedor 3;Brasil;12;Time 1;344257,8
Cliente 44;20213287;Licenciamento;09/02/2021;Renovação;Vendedor 8;Mexico;12;Time 9;343680
Cliente 43;20191151;Serviços;08/05/2019;Upselling;Vendedor 13;Brasil;12;Time 3;343203,88
Cliente 7;20213510;Licenciamento;30/03/2021;Renovação;Vendedor 20;Brasil;12;Time 3;342798,07
Cliente 124;20213541;Serviços;03/03/2021;Upselling;Vendedor 9;Brasil;12;Time 3;342720
Cliente 8;20191947;Serviços;17/01/2020;Renovação;Vendedor 3;Brasil;12;Time 1;342720
Cliente 8;20202708;Serviços;22/09/2020;Renovação;Vendedor 3;Brasil;6;Time 1;342720
Cliente 8;20203141;Serviços;08/01/2021;Upselling;Vendedor 23;Brasil;12;Time 1;342720
Cliente 8;20203157;Serviços;12/01/2021;Renovação;Vendedor 3;Brasil;12;Time 1;342720
Cliente 8;20203137;Serviços;13/01/2021;Upselling;Vendedor 3;Brasil;12;Time 1;342720
Cliente 8;20203138;Serviços;13/01/2021;Upselling;Vendedor 3;Brasil;12;Time 1;342720
Cliente 8;20203139;Serviços;19/01/2021;Upselling;Vendedor 3;Brasil;12;Time 1;342720
Cliente 4;20180422;Serviços;24/10/2018;Upselling;Vendedor 2;Brasil;5;Time 2;340000
Cliente 7;20180033;Licenciamento;31/01/2018;Novo Logo;Vendedor 1;Brasil;37;Time 1;338365,31
Cliente 5;20191826;Produtos;13/11/2020;Renovação;Vendedor 3;Brasil;12;Time 1;338119,92
Cliente 82;20202988;Produtos;30/11/2020;Cross selling;Vendedor 3;Brasil;12;Time 1;334231,92
Cliente 4;20202922;Licenciamento;15/10/2020;Upselling;Vendedor 3;Brasil;25;Time 1;333238,92
Cliente 5;20180155;Serviços;28/03/2018;Upselling;Vendedor 3;Brasil;12;Time 1;332640
Cliente 123;20202917;Serviços;19/10/2020;Novo Logo;Vendedor 1;Brasil;4;Time 1;332471,3
Cliente 23;20170018;Produtos;04/05/2018;Cross selling;Vendedor 1;Brasil;7;Time 1;332463,36
Cliente 47;20191691;Licenciamento;03/02/2020;Renovação;Vendedor 3;Brasil;24;Time 1;331792,2
Cliente 54;20180678;Produtos;29/03/2019;Novo Logo;Vendedor 1;Brasil;33;Time 1;331683
Cliente 5;20180617;Serviços;08/10/2018;Cross selling;Vendedor 3;Brasil;12;Time 1;330760
Cliente 153;20213282;Produtos;29/03/2021;Novo Logo;Vendedor 19;Brasil;60;Time 3;330000
Cliente 29;20180635;Licenciamento;28/02/2019;Renovação;Vendedor 9;Brasil;12;Time 3;329425,17
Cliente 10;20202605;Serviços;24/08/2020;Renovação;Vendedor 14;Brasil;4;Time 3;328320
Cliente 125;20202648;Licenciamento;29/10/2020;Novo Logo;Vendedor 12;Colombia;12;Time 10;327570
Cliente 3;20180041;Serviços;11/01/2018;Cross selling;Vendedor 2;Brasil;1;Time 2;327260,83
Cliente 26;20191784;Serviços;28/11/2019;Upselling;Vendedor 10;Brasil;13;Time 7;324506,82
Cliente 26;20191393;Serviços;25/07/2019;Upselling;Vendedor 10;Brasil;12;Time 7;324499,2
Cliente 2;20170026;Licenciamento;08/01/2018;Upselling;Vendedor 2;Brasil;13;Time 2;323719,72
Cliente 14;20213286;Serviços;26/01/2021;Upselling;Vendedor 18;Brasil;12;Time 1;322560
Cliente 38;20180438;Licenciamento;31/10/2018;Upselling;Vendedor 8;Mexico;15;Time 6;322200
Cliente 21;20213899;Serviços;30/04/2021;Upselling;Vendedor 29;Brasil;12;Time 1;320439,68
Cliente 85;20191857;Serviços;02/01/2020;Novo Logo;Vendedor 16;Brasil;6;Time 3;320243,62
Cliente 16;20191763;Licenciamento;13/12/2019;Cross selling;Vendedor 1;Brasil;12;Time 1;320000
Cliente 16;20202457;Serviços;19/10/2020;Cross selling;Vendedor 20;Brasil;3;Time 3;320000
Cliente 5;20191351;Serviços;23/07/2019;Upselling;Vendedor 3;Brasil;5;Time 1;317832,8
Cliente 124;20202898;Serviços;19/10/2020;Novo Logo;Vendedor 1;Brasil;12;Time 1;317832,37
Cliente 33;20180451;Produtos;25/09/2018;Novo Logo;Vendedor 9;Brasil;12;Time 3;316200
Cliente 9;20180039;Licenciamento;07/02/2018;Cross selling;Vendedor 4;Brasil;12;Time 2;310811,66
Cliente 3;20191159;Licenciamento;18/04/2019;Upselling;Vendedor 10;Brasil;12;Time 7;310580,23
Cliente 3;20191160;Licenciamento;01/10/2019;Upselling;Vendedor 10;Brasil;12;Time 7;310580,23
Cliente 24;20170123;Serviços;08/05/2018;Upselling;Vendedor 2;Brasil;11;Time 2;310464
Cliente 24;20190968;Serviços;14/03/2019;Upselling;Vendedor 1;Brasil;12;Time 1;310464
Cliente 24;20190999;Serviços;25/03/2019;Upselling;Vendedor 1;Brasil;13;Time 1;310464
Cliente 24;20191297;Serviços;28/06/2019;Upselling;Vendedor 1;Brasil;12;Time 1;310464
Cliente 24;20201978;Serviços;23/01/2020;Renovação;Vendedor 9;Brasil;12;Time 3;310464
Cliente 64;20190702;Licenciamento;17/07/2019;Upselling;Vendedor 8;Mexico;12;Time 6;308775
Cliente 13;20191568;Licenciamento;05/09/2019;Upselling;Vendedor 1;Brasil;23;Time 1;308542,94
Cliente 4;20180089;Serviços;09/02/2018;Upselling;Vendedor 2;Brasil;5;Time 2;308088,25
Cliente 5;20213428;Serviços;04/02/2021;Upselling;Vendedor 3;Brasil;10;Time 1;307389,6
Cliente 8;20190960;Serviços;11/03/2019;Upselling;Vendedor 3;Brasil;3;Time 1;307112,4
Cliente 43;20191129;Serviços;08/05/2019;Upselling;Vendedor 13;Brasil;12;Time 3;306660
Cliente 14;20213584;Serviços;14/04/2021;Cross selling;Vendedor 18;Brasil;12;Time 1;305182,08
Cliente 50;20202670;Serviços;17/09/2020;Upselling;Vendedor 9;Brasil;3;Time 3;304264,8
Cliente 23;20202551;Serviços;14/08/2020;Renovação;Vendedor 20;Brasil;12;Time 3;303590,4
Cliente 30;20191804;Licenciamento;22/07/2020;Renovação;Vendedor 8;Mexico;13;Time 9;303539,25
Cliente 26;20191638;Serviços;27/11/2019;Upselling;Vendedor 10;Brasil;8;Time 7;303199,04
Cliente 10;20180088;Serviços;14/02/2018;Novo Logo;Vendedor 1;Brasil;6;Time 1;302720
Cliente 13;20191582;Serviços;16/09/2019;Upselling;Vendedor 1;Brasil;4;Time 1;300000
Cliente 14;20180262;Produtos;23/04/2019;Upselling;Vendedor 10;Brasil;1;Time 7;300000
Cliente 53;20180582;Produtos;25/03/2019;Novo Logo;Vendedor 11;Brasil;3;Time 3;300000
Cliente 12;20191778;Produtos;17/01/2020;Cross selling;Vendedor 14;Brasil;12;Time 3;298680
Cliente 5;20180650;Licenciamento;17/10/2019;Renovação;Vendedor 3;Brasil;12;Time 1;297206,68
Cliente 99;20202088;Licenciamento;12/05/2020;Novo Logo;Vendedor 9;Brasil;12;Time 3;296498,85
Cliente 27;20180362;Produtos;21/06/2018;Novo Logo;Vendedor 7;Brasil;6;Time 5;296000
Cliente 2;20180631;Serviços;18/04/2019;Cross selling;Vendedor 3;Brasil;2;Time 1;295000
Cliente 4;20180421;Licenciamento;24/10/2018;Upselling;Vendedor 2;Brasil;14;Time 2;294737,19
Cliente 43;20190704;Serviços;08/05/2019;Upselling;Vendedor 13;Brasil;12;Time 3;292800
Cliente 67;20213515;Licenciamento;20/04/2021;Upselling;Vendedor 8;Mexico;12;Time 9;292128
Cliente 75;20191850;Produtos;20/08/2020;Renovação;Vendedor 9;Brasil;24;Time 3;291155,52
Cliente 14;20203069;Serviços;12/01/2021;Upselling;Vendedor 18;Brasil;12;Time 1;290016
Cliente 17;20170135;Licenciamento;18/04/2018;Cross selling;Vendedor 3;Brasil;12;Time 1;288290
Cliente 10;20202401;Serviços;09/06/2020;Upselling;Vendedor 14;Brasil;4;Time 3;283693,76
Cliente 5;20180230;Serviços;14/05/2018;Cross selling;Vendedor 3;Brasil;4;Time 1;282120
Cliente 44;20213289;Licenciamento;09/02/2021;Renovação;Vendedor 8;Mexico;12;Time 9;281925
Cliente 97;20202164;Produtos;07/05/2020;Novo Logo;Vendedor 19;Brasil;39;Time 3;281880
Cliente 8;20191301;Serviços;18/09/2019;Upselling;Vendedor 3;Brasil;7;Time 1;279552
Cliente 37;20180291;Licenciamento;29/11/2018;Renovação;Vendedor 8;Mexico;12;Time 6;279240
Cliente 4;20180560;Serviços;21/12/2018;Upselling;Vendedor 3;Brasil;2;Time 1;278927,69
Cliente 5;20180357;Licenciamento;12/11/2018;Renovação;Vendedor 3;Brasil;12;Time 1;278888,28
Cliente 4;20202948;Licenciamento;30/10/2020;Upselling;Vendedor 3;Brasil;13;Time 1;275950,08
Cliente 3;20180430;Serviços;27/05/2019;Cross selling;Vendedor 10;Brasil;1;Time 7;274075,07
Cliente 96;20202928;Serviços;30/10/2020;Cross selling;Vendedor 1;Brasil;14;Time 1;273000
Cliente 5;20202967;Serviços;10/02/2021;Upselling;Vendedor 3;Brasil;9;Time 1;271479,6
Cliente 5;20191924;Serviços;26/12/2019;Upselling;Vendedor 3;Brasil;3;Time 1;270714,48
Cliente 31;20180580;Serviços;30/01/2019;Upselling;Vendedor 9;Brasil;6;Time 3;270000
Cliente 5;20213421;Serviços;18/02/2021;Upselling;Vendedor 3;Brasil;10;Time 1;269948,16
Cliente 5;20213484;Serviços;02/03/2021;Upselling;Vendedor 3;Brasil;10;Time 1;269948,16
Cliente 126;20203001;Produtos;14/12/2020;Novo Logo;Vendedor 3;Brasil;12;Time 1;268231,5
Cliente 75;20202941;Serviços;17/12/2020;Cross selling;Vendedor 9;Brasil;12;Time 3;265978,44
Cliente 75;20202650;Serviços;09/09/2020;Upselling;Vendedor 9;Brasil;12;Time 3;265970,88
Cliente 75;20202655;Serviços;05/11/2020;Upselling;Vendedor 9;Brasil;12;Time 3;265970,88
Cliente 8;20202145;Serviços;06/03/2020;Renovação;Vendedor 3;Brasil;8;Time 1;264992
Cliente 5;20180236;Serviços;18/05/2018;Upselling;Vendedor 3;Brasil;4;Time 1;263501,7
Cliente 4;20191760;Serviços;14/11/2019;Upselling;Vendedor 3;Brasil;5;Time 1;262889,3
Cliente 5;20202322;Serviços;04/05/2020;Renovação;Vendedor 3;Brasil;3;Time 1;262861,2
Cliente 3;20191247;Serviços;27/05/2019;Cross selling;Vendedor 10;Brasil;1;Time 7;258249,27
Cliente 38;20191792;Licenciamento;14/01/2020;Renovação;Vendedor 8;Mexico;12;Time 9;257760
Cliente 38;20190839;Licenciamento;17/01/2020;Renovação;Vendedor 8;Mexico;12;Time 9;257760
Cliente 53;20191010;Produtos;02/12/2019;Novo Logo;Vendedor 11;Brasil;12;Time 3;257040
Cliente 8;20213271;Serviços;14/04/2021;Renovação;Vendedor 23;Brasil;9;Time 1;257040
Cliente 4;20191168;Licenciamento;23/04/2019;Upselling;Vendedor 3;Brasil;12;Time 1;256441,68
Cliente 4;20191267;Licenciamento;28/05/2019;Upselling;Vendedor 3;Brasil;13;Time 1;256086,36
Cliente 4;20170134;Licenciamento;14/02/2018;Upselling;Vendedor 2;Brasil;12;Time 2;254476,08
Cliente 118;20202872;Serviços;30/09/2020;Cross selling;Vendedor 3;Brasil;12;Time 1;253994,4
Cliente 46;20180306;Serviços;28/12/2018;Cross selling;Vendedor 1;Brasil;5;Time 1;252856,47
Cliente 4;20180503;Licenciamento;24/10/2018;Upselling;Vendedor 2;Brasil;14;Time 2;252067,1
Cliente 4;20170133;Licenciamento;31/01/2018;Upselling;Vendedor 2;Brasil;12;Time 2;249819,77
Cliente 32;20191543;Serviços;30/08/2019;Upselling;Vendedor 3;Brasil;1;Time 1;247445,32
Cliente 26;20180449;Serviços;30/11/2018;Upselling;Vendedor 6;Brasil;2;Time 3;245970,21
Cliente 5;20213864;Serviços;19/04/2021;Upselling;Vendedor 23;Brasil;8;Time 1;245624,4
Cliente 5;20202363;Serviços;02/06/2020;Renovação;Vendedor 3;Brasil;7;Time 1;245444,4
Cliente 8;20202146;Serviços;06/03/2020;Renovação;Vendedor 3;Brasil;8;Time 1;244608
Cliente 110;20202644;Licenciamento;31/08/2020;Novo Logo;Vendedor 12;Colombia;12;Time 10;241650
Cliente 31;20180472;Serviços;24/09/2018;Novo Logo;Vendedor 4;Brasil;5;Time 2;240000
Cliente 76;20191215;Serviços;02/10/2019;Upselling;Vendedor 1;Brasil;4;Time 1;239996,8
Cliente 5;20202935;Serviços;30/10/2020;Upselling;Vendedor 3;Brasil;8;Time 1;239878,8
Cliente 13;20191308;Serviços;03/06/2019;Upselling;Vendedor 1;Brasil;1;Time 1;237912,87
Cliente 9;20202111;Licenciamento;13/04/2020;Cross selling;Vendedor 10;Brasil;1;Time 3;236434,08
Cliente 23;20170209;Licenciamento;26/07/2018;Renovação;Vendedor 1;Brasil;12;Time 1;235386,18
Cliente 23;20180648;Licenciamento;26/06/2019;Renovação;Vendedor 1;Brasil;12;Time 1;235386,18
Cliente 8;20180044;Licenciamento;14/05/2018;Upselling;Vendedor 4;Brasil;12;Time 2;234690
Cliente 80;20191879;Produtos;06/12/2019;Novo Logo;Vendedor 13;Brasil;12;Time 3;234680,04
Cliente 56;20180544;Produtos;17/04/2019;Novo Logo;Vendedor 11;Brasil;9;Time 3;234000
Cliente 28;20180303;Produtos;29/06/2018;Novo Logo;Vendedor 1;Brasil;24;Time 1;233600
Cliente 26;20180167;Serviços;22/05/2018;Upselling;Vendedor 6;Brasil;4;Time 3;233023,49
Cliente 52;20202351;Serviços;29/05/2020;Renovação;Vendedor 16;Brasil;12;Time 3;232233,54
Cliente 16;20180086;Produtos;04/04/2018;Upselling;Vendedor 1;Brasil;8;Time 1;231587,2
Cliente 16;20191179;Serviços;21/05/2019;Cross selling;Vendedor 1;Brasil;3;Time 1;230882,76
Cliente 5;20191786;Serviços;06/11/2019;Upselling;Vendedor 3;Brasil;1;Time 1;230679,3
Cliente 45;20180352;Licenciamento;27/12/2018;Renovação;Vendedor 1;Brasil;12;Time 1;230136,72
Cliente 10;20202233;Serviços;01/04/2020;Upselling;Vendedor 14;Brasil;3;Time 3;230040
Cliente 8;20202287;Serviços;23/04/2020;Renovação;Vendedor 3;Brasil;8;Time 1;228480
Cliente 10;20202341;Serviços;19/05/2020;Upselling;Vendedor 14;Brasil;3;Time 3;228338,88
Cliente 4;20191724;Licenciamento;08/01/2020;Renovação;Vendedor 3;Brasil;12;Time 1;227948,16
Cliente 96;20202954;Serviços;30/10/2020;Cross selling;Vendedor 1;Brasil;14;Time 1;227000
Cliente 9;20191125;Produtos;18/06/2019;Renovação;Vendedor 10;Brasil;6;Time 7;226846,44
Cliente 23;20202868;Produtos;30/09/2020;Upselling;Vendedor 20;Brasil;24;Time 3;226000
Cliente 29;20180515;Licenciamento;23/10/2018;Upselling;Vendedor 2;Brasil;12;Time 2;225579,87
Cliente 52;20191680;Serviços;08/10/2019;Upselling;Vendedor 9;Brasil;4;Time 3;224385,96
Cliente 103;20202394;Produtos;07/07/2020;Novo Logo;Vendedor 19;Brasil;36;Time 3;224000
Cliente 4;20191822;Licenciamento;03/11/2020;Renovação;Vendedor 3;Brasil;13;Time 1;223801,84
Cliente 7;20191906;Serviços;06/12/2019;Renovação;Vendedor 1;Brasil;6;Time 1;221760
Cliente 50;20202122;Serviços;31/03/2020;Cross selling;Vendedor 9;Brasil;3;Time 3;220489,92
Cliente 4;20201980;Licenciamento;27/02/2020;Renovação;Vendedor 3;Brasil;12;Time 1;220330,44
Cliente 75;20191245;Produtos;26/09/2019;Novo Logo;Vendedor 9;Brasil;12;Time 3;219909,81
Cliente 5;20190962;Serviços;13/03/2019;Upselling;Vendedor 3;Brasil;10;Time 1;219848,75
Cliente 9;20202086;Licenciamento;24/04/2020;Cross selling;Vendedor 10;Brasil;12;Time 3;215632
Cliente 52;20191629;Licenciamento;05/11/2019;Cross selling;Vendedor 9;Brasil;37;Time 3;215587,08
Cliente 67;20191216;Licenciamento;22/07/2019;Novo Logo;Vendedor 8;Mexico;12;Time 6;214800
Cliente 37;20180684;Licenciamento;27/12/2018;Upselling;Vendedor 8;Mexico;10;Time 6;214681,86
Cliente 5;20191269;Serviços;29/05/2019;Upselling;Vendedor 3;Brasil;7;Time 1;214488,48
Cliente 12;20180127;Produtos;25/07/2018;Cross selling;Vendedor 1;Brasil;12;Time 1;213832,92
Cliente 92;20191891;Serviços;27/05/2020;Renovação;Vendedor 16;Brasil;7;Time 3;212800
Cliente 7;20202596;Produtos;30/04/2021;Upselling;Vendedor 20;Brasil;12;Time 3;211200
Cliente 5;20203004;Serviços;01/12/2020;Upselling;Vendedor 3;Brasil;7;Time 1;211150,8
Cliente 12;20190889;Serviços;21/02/2019;Upselling;Vendedor 1;Brasil;12;Time 1;210140
Cliente 60;20191004;Produtos;31/05/2019;Novo Logo;Vendedor 13;Brasil;12;Time 3;210000
Cliente 136;20202407;Licenciamento;11/12/2020;Novo Logo;Vendedor 8;Mexico;12;Time 9;209967
Cliente 4;20202330;Serviços;06/08/2020;Renovação;Vendedor 3;Brasil;8;Time 1;208320
Cliente 4;20213620;Serviços;15/03/2021;Renovação;Vendedor 3;Brasil;9;Time 1;208320
Cliente 96;20202294;Serviços;30/04/2020;Novo Logo;Vendedor 1;Brasil;2;Time 1;207802,2
Cliente 5;20190905;Serviços;25/02/2019;Upselling;Vendedor 3;Brasil;3;Time 1;207602,5
Cliente 5;20180612;Serviços;03/12/2018;Upselling;Vendedor 3;Brasil;1;Time 1;206280
Cliente 4;20180502;Licenciamento;24/10/2018;Upselling;Vendedor 2;Brasil;14;Time 2;206191,57
Cliente 14;20170103;Serviços;16/03/2018;Upselling;Vendedor 4;Brasil;5;Time 2;205000
Cliente 70;20191366;Licenciamento;27/08/2019;Novo Logo;Vendedor 8;Mexico;12;Time 6;204060
Cliente 3;20180156;Serviços;29/03/2018;Upselling;Vendedor 4;Brasil;1;Time 2;203403,76
Cliente 52;20213873;Serviços;19/04/2021;Upselling;Vendedor 9;Brasil;7;Time 3;203346,36
Cliente 13;20190881;Serviços;11/03/2019;Upselling;Vendedor 1;Brasil;7;Time 1;201696
Cliente 46;20202349;Serviços;26/06/2020;Upselling;Vendedor 1;Brasil;12;Time 1;201484,8
Cliente 5;20191878;Serviços;21/11/2019;Upselling;Vendedor 3;Brasil;2;Time 1;200150,4
Cliente 12;20180107;Serviços;01/03/2018;Upselling;Vendedor 1;Brasil;12;Time 1;200000
Cliente 5;20191362;Serviços;27/06/2019;Upselling;Vendedor 3;Brasil;3;Time 1;200000
Cliente 4;20180035;Serviços;24/01/2018;Upselling;Vendedor 2;Brasil;3;Time 2;198750
Cliente 61;20190716;Serviços;31/05/2019;Novo Logo;Vendedor 8;Mexico;1;Time 6;198690
Cliente 9;20202143;Serviços;30/03/2020;Cross selling;Vendedor 10;Brasil;3;Time 3;198579,09
Cliente 43;20191147;Produtos;08/05/2019;Upselling;Vendedor 13;Brasil;13;Time 3;197340
Cliente 9;20190700;Licenciamento;30/04/2020;Cross selling;Vendedor 10;Brasil;1;Time 3;195240
Cliente 115;20202507;Produtos;24/09/2020;Novo Logo;Vendedor 18;Brasil;3;Time 1;195056,92
Cliente 10;20202399;Serviços;19/06/2020;Upselling;Vendedor 14;Brasil;5;Time 3;193742,08
Cliente 13;20190891;Serviços;05/04/2019;Cross selling;Vendedor 1;Brasil;7;Time 1;192001,92
Cliente 7;20180114;Produtos;19/04/2018;Cross selling;Vendedor 1;Brasil;12;Time 1;192000
Cliente 26;20191337;Serviços;19/06/2019;Upselling;Vendedor 10;Brasil;7;Time 7;189499,4
Cliente 5;20180599;Serviços;26/11/2018;Upselling;Vendedor 3;Brasil;1;Time 1;187803
Cliente 12;20202994;Produtos;25/02/2021;Cross selling;Vendedor 20;Brasil;12;Time 3;187380
Cliente 4;20180559;Licenciamento;21/12/2018;Upselling;Vendedor 3;Brasil;12;Time 1;186793,75
Cliente 13;20201973;Licenciamento;31/01/2020;Renovação;Vendedor 1;Brasil;18;Time 1;186761,31
Cliente 24;20170136;Licenciamento;09/05/2018;Renovação;Vendedor 2;Brasil;12;Time 2;184824
Cliente 52;20191417;Serviços;18/07/2019;Upselling;Vendedor 9;Brasil;4;Time 3;184204,92
Cliente 27;20180471;Produtos;17/09/2018;Upselling;Vendedor 7;Brasil;6;Time 5;184000
Cliente 16;20180564;Serviços;13/12/2018;Upselling;Vendedor 1;Brasil;4;Time 1;182606,34
Cliente 81;20191349;Serviços;06/12/2019;Novo Logo;Vendedor 16;Brasil;2;Time 3;182116,48
Cliente 9;20202417;Licenciamento;30/06/2020;Cross selling;Vendedor 13;Brasil;12;Time 3;180261,64
Cliente 12;20180228;Produtos;25/07/2018;Renovação;Vendedor 1;Brasil;12;Time 1;180000
Cliente 42;20180583;Produtos;08/05/2019;Novo Logo;Vendedor 11;Brasil;5;Time 3;178560
Cliente 44;20202359;Licenciamento;28/05/2020;Renovação;Vendedor 8;Mexico;38;Time 9;177639,6
Cliente 10;20180634;Serviços;17/12/2018;Upselling;Vendedor 1;Brasil;2;Time 1;176443,68
Cliente 4;20202270;Serviços;20/04/2020;Renovação;Vendedor 3;Brasil;2;Time 1;175607,5
Cliente 29;20180397;Licenciamento;30/07/2018;Upselling;Vendedor 2;Brasil;12;Time 2;175451,01
Cliente 30;20190958;Licenciamento;28/03/2019;Upselling;Vendedor 8;Mexico;10;Time 6;174927,75
Cliente 101;20202319;Serviços;26/05/2020;Novo Logo;Vendedor 3;Brasil;12;Time 1;174050
Cliente 139;20202624;Produtos;14/12/2020;Novo Logo;Vendedor 21;Brasil;37;Time 3;172800
Cliente 8;20202653;Serviços;22/09/2020;Renovação;Vendedor 3;Brasil;3;Time 1;171360
Cliente 8;20202718;Serviços;24/09/2020;Upselling;Vendedor 3;Brasil;3;Time 1;171360
Cliente 26;20202454;Serviços;02/12/2020;Cross selling;Vendedor 18;Brasil;3;Time 1;169013,97
Cliente 13;20180302;Licenciamento;23/07/2018;Upselling;Vendedor 1;Brasil;17;Time 1;168959,59
Cliente 47;20170301;Licenciamento;15/01/2019;Renovação;Vendedor 3;Brasil;12;Time 1;166950
Cliente 5;20190908;Serviços;25/02/2019;Upselling;Vendedor 3;Brasil;3;Time 1;165867,76
Cliente 4;20202347;Licenciamento;26/05/2020;Upselling;Vendedor 3;Brasil;12;Time 1;165655,56
Cliente 5;20180112;Serviços;05/03/2018;Upselling;Vendedor 3;Brasil;7;Time 1;162796,5
Cliente 5;20180402;Serviços;03/08/2018;Upselling;Vendedor 3;Brasil;12;Time 1;161918,4
Cliente 33;20191911;Serviços;22/11/2019;Renovação;Vendedor 9;Brasil;12;Time 3;161840,64
Cliente 14;20203008;Serviços;10/12/2020;Upselling;Vendedor 18;Brasil;6;Time 1;161280
Cliente 2;20191682;Licenciamento;19/11/2019;Upselling;Vendedor 3;Brasil;12;Time 1;160816
Cliente 3;20180685;Licenciamento;17/01/2020;Renovação;Vendedor 10;Brasil;12;Time 3;160519,84
Cliente 3;20180677;Licenciamento;15/01/2019;Upselling;Vendedor 10;Brasil;33;Time 7;160519,81
Cliente 24;20191580;Licenciamento;23/09/2019;Upselling;Vendedor 1;Brasil;12;Time 1;160371,66
Cliente 81;20202638;Produtos;27/08/2020;Cross selling;Vendedor 16;Brasil;12;Time 3;158231,04
Cliente 5;20170152;Serviços;24/01/2018;Upselling;Vendedor 3;Brasil;2;Time 1;157297,2
Cliente 5;20191646;Serviços;23/09/2019;Upselling;Vendedor 3;Brasil;2;Time 1;156690
Cliente 59;20202360;Licenciamento;22/05/2020;Upselling;Vendedor 3;Brasil;37;Time 1;155560
Cliente 24;20180478;Produtos;28/09/2018;Upselling;Vendedor 1;Brasil;6;Time 1;155232
Cliente 10;20202162;Serviços;30/03/2020;Upselling;Vendedor 14;Brasil;1;Time 3;154178,48
Cliente 2;20180368;Licenciamento;27/09/2018;Upselling;Vendedor 2;Brasil;12;Time 2;154000
Cliente 5;20191428;Serviços;17/07/2019;Upselling;Vendedor 3;Brasil;3;Time 1;153242,32
Cliente 26;20180581;Serviços;21/12/2018;Upselling;Vendedor 6;Brasil;1;Time 3;151599,52
Cliente 34;20202995;Produtos;14/12/2020;Renovação;Vendedor 13;Brasil;6;Time 3;151435,02
Cliente 34;20202420;Serviços;30/06/2020;Upselling;Vendedor 13;Brasil;12;Time 3;151430,4
Cliente 42;20191119;Produtos;28/03/2019;Upselling;Vendedor 11;Brasil;5;Time 3;150000
Cliente 93;20202443;Serviços;30/10/2020;Upselling;Vendedor 16;Brasil;4;Time 3;148134,72
Cliente 16;20191708;Produtos;29/11/2019;Upselling;Vendedor 1;Brasil;6;Time 1;148000
Cliente 43;20201977;Serviços;03/03/2020;Upselling;Vendedor 13;Brasil;6;Time 3;147934,08
Cliente 7;20191532;Serviços;17/09/2019;Upselling;Vendedor 1;Brasil;5;Time 1;147840
Cliente 50;20202421;Serviços;26/06/2020;Renovação;Vendedor 9;Brasil;2;Time 3;146993,28
Cliente 10;20180315;Serviços;10/07/2018;Upselling;Vendedor 1;Brasil;4;Time 1;145306,56
Cliente 10;20180316;Serviços;13/12/2018;Upselling;Vendedor 1;Brasil;4;Time 1;145306,56
Cliente 157;20213766;Produtos;31/03/2021;Novo Logo;Vendedor 7;Brasil;61;Time 5;145000
Cliente 5;20191619;Serviços;01/10/2019;Upselling;Vendedor 3;Brasil;1;Time 1;144154,8
Cliente 149;20213564;Produtos;25/02/2021;Novo Logo;Vendedor 20;Brasil;61;Time 3;144000
Cliente 13;20191277;Serviços;03/06/2019;Cross selling;Vendedor 1;Brasil;1;Time 1;143000
Cliente 8;20201968;Serviços;17/01/2020;Renovação;Vendedor 3;Brasil;5;Time 1;142800
Cliente 31;20191723;Serviços;14/10/2019;Upselling;Vendedor 9;Brasil;3;Time 3;142560
Cliente 89;20202246;Produtos;02/04/2020;Upselling;Vendedor 7;USA;1;Time 5;142456,17
Cliente 10;20202398;Serviços;09/06/2020;Upselling;Vendedor 14;Brasil;2;Time 3;141846,88
Cliente 10;20202234;Serviços;08/04/2020;Upselling;Vendedor 14;Brasil;1;Time 3;141696
Cliente 4;20180090;Serviços;31/01/2018;Upselling;Vendedor 2;Brasil;12;Time 2;139552
Cliente 4;20202566;Serviços;21/08/2020;Upselling;Vendedor 3;Brasil;3;Time 1;139230
Cliente 109;20213277;Produtos;08/01/2021;Cross selling;Vendedor 13;Brasil;12;Time 3;139200
Cliente 5;20180505;Serviços;11/10/2018;Upselling;Vendedor 3;Brasil;12;Time 1;138786,48
Cliente 10;20180298;Serviços;12/06/2018;Upselling;Vendedor 1;Brasil;4;Time 1;138386,29
Cliente 4;20191571;Licenciamento;28/08/2019;Upselling;Vendedor 3;Brasil;12;Time 1;137703,12
Cliente 4;20203150;Licenciamento;02/02/2021;Renovação;Vendedor 3;Brasil;12;Time 1;137275,36
Cliente 4;20180606;Licenciamento;29/11/2018;Upselling;Vendedor 3;Brasil;12;Time 1;136176,66
Cliente 31;20191000;Serviços;25/03/2019;Upselling;Vendedor 9;Brasil;2;Time 3;134160
Cliente 5;20191483;Serviços;22/07/2019;Upselling;Vendedor 3;Brasil;1;Time 1;134038,08
Cliente 116;20203155;Licenciamento;21/12/2020;Upselling;Vendedor 8;Mexico;3;Time 9;134025,16
Cliente 116;20213680;Licenciamento;26/03/2021;Upselling;Vendedor 8;Mexico;3;Time 9;134025,16
Cliente 5;20202367;Serviços;28/05/2020;Renovação;Vendedor 3;Brasil;6;Time 1;134000,54
Cliente 13;20191203;Serviços;04/06/2019;Upselling;Vendedor 1;Brasil;3;Time 1;133932,48
Cliente 2;20180547;Licenciamento;05/11/2018;Upselling;Vendedor 7;Brasil;12;Time 5;132000
Cliente 2;20190933;Licenciamento;28/02/2019;Upselling;Vendedor 3;Brasil;12;Time 1;132000
Cliente 128;20202658;Produtos;09/11/2020;Novo Logo;Vendedor 3;Brasil;12;Time 1;130649,63
Cliente 43;20180658;Serviços;18/12/2018;Upselling;Vendedor 6;Brasil;2;Time 3;130000
Cliente 3;20191139;Licenciamento;18/04/2019;Upselling;Vendedor 10;Brasil;12;Time 7;129408,43
Cliente 16;20191330;Serviços;20/09/2019;Upselling;Vendedor 1;Brasil;1;Time 1;127502,28
Cliente 3;20202591;Serviços;01/09/2020;Cross selling;Vendedor 3;Brasil;12;Time 1;127284
Cliente 12;20202071;Licenciamento;27/12/2019;Upselling;Vendedor 1;Brasil;1;Time 1;126221,01
Cliente 5;20191513;Serviços;30/08/2019;Upselling;Vendedor 3;Brasil;4;Time 1;122259
Cliente 10;20202113;Serviços;18/02/2020;Upselling;Vendedor 14;Brasil;1;Time 3;121975,34
Cliente 96;20213613;Produtos;15/03/2021;Upselling;Vendedor 13;Brasil;24;Time 3;120964,32
Cliente 6;20180030;Serviços;30/01/2018;Novo Logo;Vendedor 1;Brasil;4;Time 1;120800
Cliente 5;20202563;Serviços;26/08/2020;Upselling;Vendedor 3;Brasil;4;Time 1;120657,6
Cliente 2;20191874;Licenciamento;19/11/2019;Upselling;Vendedor 3;Brasil;12;Time 1;120612
Cliente 5;20180470;Serviços;19/09/2018;Upselling;Vendedor 3;Brasil;6;Time 1;120151,76
Cliente 155;20213280;Produtos;31/03/2021;Novo Logo;Vendedor 24;Brasil;24;Time 11;120000
Cliente 8;20180382;Serviços;22/08/2018;Upselling;Vendedor 4;Brasil;2;Time 2;120000
Cliente 8;20180621;Serviços;13/12/2018;Upselling;Vendedor 4;Brasil;2;Time 2;120000
Cliente 94;20202366;Produtos;31/07/2020;Cross selling;Vendedor 7;Brasil;32;Time 5;120000
Cliente 9;20202091;Licenciamento;13/04/2020;Cross selling;Vendedor 10;Brasil;1;Time 3;118419,24
Cliente 16;20191709;Serviços;29/11/2019;Upselling;Vendedor 1;Brasil;1;Time 1;118000
Cliente 5;20180607;Serviços;21/12/2018;Upselling;Vendedor 3;Brasil;1;Time 1;117734,4
Cliente 30;20213600;Licenciamento;22/03/2021;Upselling;Vendedor 8;Mexico;2;Time 9;117472,83
Cliente 5;20180596;Serviços;26/11/2018;Upselling;Vendedor 3;Brasil;2;Time 1;116996,96
Cliente 5;20180597;Serviços;26/11/2018;Upselling;Vendedor 3;Brasil;2;Time 1;116996,96
Cliente 4;20202155;Licenciamento;09/03/2020;Renovação;Vendedor 3;Brasil;12;Time 1;116001
Cliente 33;20190848;Produtos;22/11/2019;Renovação;Vendedor 9;Brasil;12;Time 3;115736,13
Cliente 10;20202039;Serviços;16/01/2020;Renovação;Vendedor 1;Brasil;1;Time 1;115493,52
Cliente 10;20202161;Serviços;17/03/2020;Upselling;Vendedor 14;Brasil;1;Time 3;115001,93
Cliente 8;20202533;Serviços;10/08/2020;Upselling;Vendedor 3;Brasil;4;Time 1;114240
Cliente 8;20191944;Serviços;07/01/2020;Renovação;Vendedor 3;Brasil;4;Time 1;114236,64
Cliente 10;20180437;Serviços;19/09/2018;Upselling;Vendedor 1;Brasil;3;Time 1;114169,44
Cliente 3;20180686;Licenciamento;22/01/2020;Renovação;Vendedor 10;Brasil;9;Time 3;113902,88
Cliente 4;20202606;Serviços;24/08/2020;Upselling;Vendedor 3;Brasil;1;Time 1;113800
Cliente 26;20180577;Serviços;23/11/2018;Upselling;Vendedor 6;Brasil;3;Time 3;113699,64
Cliente 26;20190887;Serviços;12/02/2019;Upselling;Vendedor 6;Brasil;3;Time 3;113699,64
Cliente 26;20191637;Serviços;24/09/2019;Cross selling;Vendedor 10;Brasil;3;Time 7;113699,64
Cliente 9;20190699;Produtos;11/01/2019;Renovação;Vendedor 10;Brasil;3;Time 7;113423,22
Cliente 9;20190856;Produtos;16/04/2019;Renovação;Vendedor 10;Brasil;3;Time 7;113423,22
Cliente 117;20202634;Produtos;28/09/2020;Novo Logo;Vendedor 21;Brasil;36;Time 3;112440
Cliente 13;20202081;Serviços;28/02/2020;Renovação;Vendedor 13;Brasil;1;Time 3;112321,44
Cliente 15;20191710;Serviços;27/12/2019;Upselling;Vendedor 12;Colombia;1;Time 6;111996,72
Cliente 12;20213708;Serviços;25/02/2021;Cross selling;Vendedor 20;Brasil;12;Time 3;111300
Cliente 5;20202321;Serviços;08/05/2020;Renovação;Vendedor 3;Brasil;4;Time 1;110602,8
Cliente 10;20202175;Serviços;09/04/2020;Upselling;Vendedor 14;Brasil;3;Time 3;110592
Cliente 50;20202078;Serviços;19/02/2020;Upselling;Vendedor 9;Brasil;3;Time 3;110244,96
Cliente 50;20202574;Serviços;31/08/2020;Upselling;Vendedor 9;Brasil;3;Time 3;110244,96
Cliente 8;20191913;Licenciamento;02/12/2020;Renovação;Vendedor 3;Brasil;12;Time 1;110011,87
Cliente 68;20191631;Serviços;25/09/2019;Upselling;Vendedor 14;Brasil;2;Time 3;109999,68
Cliente 4;20191238;Serviços;25/06/2019;Upselling;Vendedor 14;Brasil;4;Time 3;109845,66
Cliente 52;20191867;Serviços;19/11/2019;Upselling;Vendedor 9;Brasil;2;Time 3;108723,2
Cliente 10;20180590;Serviços;27/11/2018;Upselling;Vendedor 1;Brasil;3;Time 1;108115
Cliente 141;20202884;Serviços;14/12/2020;Novo Logo;Vendedor 20;Brasil;2;Time 3;108000
Cliente 95;20202177;Produtos;20/04/2020;Novo Logo;Vendedor 19;Brasil;1;Time 3;107424
Cliente 13;20191632;Serviços;26/09/2019;Cross selling;Vendedor 1;Brasil;1;Time 1;105926,56
Cliente 5;20202329;Serviços;24/07/2020;Upselling;Vendedor 3;Brasil;4;Time 1;104857,2
Cliente 30;20213494;Licenciamento;23/02/2021;Upselling;Vendedor 8;Mexico;12;Time 9;104716,07
Cliente 3;20191479;Licenciamento;09/08/2019;Upselling;Vendedor 10;Brasil;12;Time 7;104272,5
Cliente 3;20191480;Licenciamento;16/08/2019;Upselling;Vendedor 10;Brasil;12;Time 7;104272,5
Cliente 32;20191422;Serviços;15/08/2019;Cross selling;Vendedor 3;Brasil;2;Time 1;104144,28
Cliente 16;20191243;Serviços;26/06/2019;Upselling;Vendedor 1;Brasil;3;Time 1;103913,36
Cliente 16;20191586;Serviços;14/10/2019;Upselling;Vendedor 1;Brasil;1;Time 1;103569,45
Cliente 13;20191262;Serviços;07/06/2019;Upselling;Vendedor 1;Brasil;3;Time 1;101999,04
Cliente 133;20203071;Produtos;01/12/2020;Novo Logo;Vendedor 13;Brasil;12;Time 3;100800
Cliente 8;20190964;Serviços;10/04/2019;Upselling;Vendedor 3;Brasil;3;Time 1;100604,09
Cliente 52;20191890;Serviços;09/12/2019;Cross selling;Vendedor 9;Brasil;3;Time 3;100568,96
Cliente 52;20202444;Serviços;27/07/2020;Renovação;Vendedor 16;Brasil;3;Time 3;100568,96
Cliente 52;20202895;Serviços;21/10/2020;Renovação;Vendedor 16;Brasil;3;Time 3;100568,96
Cliente 71;20202519;Serviços;24/09/2020;Upselling;Vendedor 9;Brasil;1;Time 3;100280,27
Cliente 114;20202412;Serviços;24/09/2020;Novo Logo;Vendedor 18;Brasil;4;Time 1;100000
Cliente 8;20180640;Licenciamento;10/12/2019;Renovação;Vendedor 3;Brasil;12;Time 1;99501,53
Cliente 82;20203048;Serviços;30/11/2020;Cross selling;Vendedor 3;Brasil;1;Time 1;98800
Cliente 10;20190902;Serviços;15/02/2019;Upselling;Vendedor 1;Brasil;3;Time 1;98600,88
Cliente 4;20180605;Serviços;29/11/2018;Upselling;Vendedor 3;Brasil;8;Time 1;98000
Cliente 14;20202494;Serviços;12/08/2020;Cross selling;Vendedor 18;Brasil;4;Time 1;97500
Cliente 31;20180675;Serviços;21/12/2018;Upselling;Vendedor 9;Brasil;2;Time 3;96000
Cliente 4;20180381;Serviços;13/07/2018;Upselling;Vendedor 2;Brasil;3;Time 2;95400
Cliente 21;20202275;Serviços;30/04/2020;Cross selling;Vendedor 3;Brasil;12;Time 1;94331,34
Cliente 52;20191155;Serviços;08/05/2019;Upselling;Vendedor 9;Brasil;3;Time 3;93773,76
Cliente 13;20203153;Licenciamento;29/01/2021;Upselling;Vendedor 13;Brasil;12;Time 3;93735,36
Cliente 14;20202419;Licenciamento;30/06/2020;Cross selling;Vendedor 18;Brasil;12;Time 1;93437,4
Cliente 5;20202435;Serviços;01/07/2020;Renovação;Vendedor 3;Brasil;3;Time 1;91929,6
Cliente 52;20191403;Serviços;02/08/2019;Upselling;Vendedor 9;Brasil;3;Time 3;91649,6
Cliente 52;20191886;Serviços;26/11/2019;Upselling;Vendedor 9;Brasil;5;Time 3;91649,6
Cliente 112;20203080;Produtos;21/09/2020;Novo Logo;Vendedor 17;Brasil;21;Time 8;91200
Cliente 31;20190926;Serviços;26/04/2019;Upselling;Vendedor 9;Brasil;2;Time 3;91200
Cliente 31;20191634;Serviços;30/09/2019;Upselling;Vendedor 9;Brasil;2;Time 3;91200
Cliente 92;20191660;Serviços;28/02/2020;Novo Logo;Vendedor 16;Brasil;3;Time 3;91200
Cliente 4;20180573;Licenciamento;12/11/2018;Upselling;Vendedor 3;Brasil;14;Time 1;90784,44
Cliente 8;20180338;Licenciamento;27/09/2018;Renovação;Vendedor 3;Brasil;12;Time 1;90545,69
Cliente 5;20202139;Serviços;03/03/2020;Renovação;Vendedor 3;Brasil;3;Time 1;90493,2
Cliente 5;20202673;Serviços;01/10/2020;Upselling;Vendedor 3;Brasil;4;Time 1;90493,2
Cliente 12;20190849;Produtos;05/06/2019;Renovação;Vendedor 1;Brasil;6;Time 1;90000
Cliente 82;20203083;Licenciamento;25/03/2021;Renovação;Vendedor 3;Brasil;12;Time 1;89962,77
Cliente 14;20170102;Produtos;09/04/2018;Cross selling;Vendedor 4;Brasil;3;Time 2;89292,5
Cliente 5;20202876;Serviços;15/10/2020;Upselling;Vendedor 3;Brasil;3;Time 1;89056,8
Cliente 59;20202503;Serviços;28/12/2020;Cross selling;Vendedor 3;Brasil;3;Time 1;88089,6
Cliente 8;20191300;Serviços;11/06/2019;Upselling;Vendedor 3;Brasil;2;Time 1;87696
Cliente 4;20201964;Licenciamento;12/06/2020;Upselling;Vendedor 3;Brasil;12;Time 1;87605,18
Cliente 43;20180319;Licenciamento;18/12/2018;Cross selling;Vendedor 6;Brasil;12;Time 3;87330,21
Cliente 30;20180273;Licenciamento;31/07/2018;Upselling;Vendedor 8;Mexico;6;Time 6;87262,5
Cliente 52;20213278;Serviços;22/01/2021;Upselling;Vendedor 9;Brasil;3;Time 3;87148,44
Cliente 41;20180490;Produtos;14/11/2018;Novo Logo;Vendedor 1;Brasil;2;Time 1;87000
Cliente 74;20191033;Serviços;23/09/2019;Novo Logo;Vendedor 15;Brasil;2;Time 3;86504,61
Cliente 8;20202568;Serviços;17/08/2020;Upselling;Vendedor 3;Brasil;3;Time 1;85680
Cliente 8;20202569;Serviços;17/08/2020;Upselling;Vendedor 3;Brasil;3;Time 1;85680
Cliente 8;20202709;Serviços;22/09/2020;Upselling;Vendedor 3;Brasil;2;Time 1;85680
Cliente 8;20213630;Serviços;19/04/2021;Upselling;Vendedor 23;Brasil;12;Time 1;85680
Cliente 31;20191612;Serviços;24/09/2019;Upselling;Vendedor 9;Brasil;2;Time 3;84000
Cliente 4;20202955;Licenciamento;22/10/2020;Upselling;Vendedor 3;Brasil;12;Time 1;83309,7
Cliente 76;20203043;Serviços;29/12/2020;Upselling;Vendedor 1;Brasil;3;Time 1;82400,2
Cliente 57;20191078;Produtos;18/04/2019;Novo Logo;Vendedor 10;Brasil;2;Time 7;81715,2
Cliente 54;20180679;Serviços;29/03/2019;Cross selling;Vendedor 1;Brasil;1;Time 1;81500,68
Cliente 4;20180184;Serviços;24/04/2018;Upselling;Vendedor 2;Brasil;1;Time 2;80000
Cliente 104;20203105;Produtos;01/08/2020;Renovação;Vendedor 17;Brasil;13;Time 8;78698,51
Cliente 4;20202119;Serviços;25/06/2020;Renovação;Vendedor 3;Brasil;3;Time 1;78120
Cliente 52;20203198;Produtos;26/02/2021;Cross selling;Vendedor 9;Brasil;12;Time 3;77903,82
Cliente 10;20180443;Serviços;31/08/2018;Upselling;Vendedor 1;Brasil;3;Time 1;77842,8
Cliente 151;20213303;Produtos;01/03/2021;Novo Logo;Vendedor 17;Brasil;24;Time 8;77000
Cliente 68;20191798;Serviços;06/12/2019;Upselling;Vendedor 14;Brasil;2;Time 3;76000
Cliente 4;20191170;Licenciamento;26/08/2019;Upselling;Vendedor 3;Brasil;12;Time 1;75900,05
Cliente 26;20180256;Serviços;30/07/2018;Upselling;Vendedor 6;Brasil;2;Time 3;75799,76
Cliente 26;20180526;Serviços;05/11/2018;Upselling;Vendedor 6;Brasil;2;Time 3;75799,76
Cliente 10;20180551;Serviços;13/11/2018;Upselling;Vendedor 1;Brasil;1;Time 1;75248,04
Cliente 27;20202431;Serviços;24/07/2020;Cross selling;Vendedor 14;Brasil;1;Time 3;75001,48
Cliente 68;20191388;Serviços;22/08/2019;Novo Logo;Vendedor 14;Brasil;2;Time 3;73920
Cliente 7;20190834;Serviços;26/06/2019;Upselling;Vendedor 1;Brasil;3;Time 1;73920
Cliente 7;20191316;Serviços;28/06/2019;Upselling;Vendedor 1;Brasil;2;Time 1;73920
Cliente 42;20191145;Serviços;22/05/2019;Upselling;Vendedor 9;Brasil;4;Time 3;73778,88
Cliente 5;20191859;Serviços;14/11/2019;Upselling;Vendedor 3;Brasil;1;Time 1;73168
Cliente 15;20191397;Serviços;04/07/2019;Upselling;Vendedor 12;Colombia;1;Time 6;71958
Cliente 14;20191290;Serviços;03/07/2019;Cross selling;Vendedor 10;Brasil;2;Time 7;71000
Cliente 27;20202109;Serviços;30/03/2020;Cross selling;Vendedor 14;Brasil;5;Time 3;70855,18
Cliente 10;20180383;Serviços;20/07/2018;Upselling;Vendedor 1;Brasil;2;Time 1;69193,06
Cliente 4;20203062;Licenciamento;22/10/2020;Upselling;Vendedor 3;Brasil;12;Time 1;68988,3
Cliente 13;20170023;Serviços;12/03/2018;Cross selling;Vendedor 1;Brasil;2;Time 1;67830
Cliente 8;20202991;Produtos;03/11/2020;Cross selling;Vendedor 3;Brasil;12;Time 1;67730,06
Cliente 24;20180384;Licenciamento;28/09/2018;Upselling;Vendedor 1;Brasil;8;Time 1;67619,11
Cliente 82;20202617;Licenciamento;21/09/2020;Cross selling;Vendedor 3;Brasil;12;Time 1;66958,61
Cliente 2;20190932;Licenciamento;28/02/2019;Upselling;Vendedor 3;Brasil;12;Time 1;66000
Cliente 6;20180141;Serviços;30/04/2018;Upselling;Vendedor 1;Brasil;14;Time 1;66000
Cliente 50;20191418;Serviços;15/07/2019;Upselling;Vendedor 9;Brasil;3;Time 3;65622
Cliente 5;20202564;Serviços;10/08/2020;Renovação;Vendedor 3;Brasil;4;Time 1;65325,12
Cliente 50;20202610;Serviços;29/09/2020;Upselling;Vendedor 9;Brasil;3;Time 3;60852,96
Cliente 2;20202724;Licenciamento;25/09/2020;Upselling;Vendedor 3;Brasil;12;Time 1;60306
Cliente 66;20191356;Licenciamento;12/07/2019;Novo Logo;Vendedor 11;Brasil;12;Time 3;60214,41
Cliente 5;20180390;Serviços;25/07/2018;Upselling;Vendedor 3;Brasil;1;Time 1;59605,3
Cliente 5;20203050;Serviços;25/11/2020;Renovação;Vendedor 3;Brasil;1;Time 1;59453,28
Cliente 51;20180576;Produtos;28/02/2019;Novo Logo;Vendedor 1;Brasil;12;Time 1;59000
Cliente 4;20191266;Serviços;28/05/2019;Upselling;Vendedor 3;Brasil;1;Time 1;58000
Cliente 82;20191736;Licenciamento;09/12/2019;Novo Logo;Vendedor 3;Brasil;12;Time 1;57744,63
Cliente 8;20191494;Serviços;30/08/2019;Upselling;Vendedor 3;Brasil;2;Time 1;57120
Cliente 8;20191754;Serviços;24/10/2019;Upselling;Vendedor 3;Brasil;2;Time 1;57120
Cliente 8;20191855;Serviços;19/11/2019;Upselling;Vendedor 3;Brasil;2;Time 1;57120
Cliente 8;20202374;Serviços;09/07/2020;Renovação;Vendedor 3;Brasil;2;Time 1;57120
Cliente 8;20202573;Serviços;18/08/2020;Upselling;Vendedor 3;Brasil;2;Time 1;57120
Cliente 8;20202722;Serviços;22/09/2020;Upselling;Vendedor 3;Brasil;2;Time 1;57120
Cliente 26;20190693;Produtos;18/02/2019;Upselling;Vendedor 6;Brasil;3;Time 3;56849,82
Cliente 31;20191868;Serviços;22/11/2019;Cross selling;Vendedor 9;Brasil;2;Time 3;56160
Cliente 13;20191357;Serviços;01/08/2019;Cross selling;Vendedor 1;Brasil;1;Time 1;55366,07
Cliente 42;20190922;Serviços;28/02/2019;Upselling;Vendedor 9;Brasil;2;Time 3;55198,8
Cliente 12;20191314;Produtos;18/06/2019;Renovação;Vendedor 1;Brasil;6;Time 1;53458,23
Cliente 105;20202530;Serviços;03/08/2020;Novo Logo;Vendedor 1;Brasil;2;Time 1;53104
Cliente 7;20180034;Serviços;31/01/2018;Cross selling;Vendedor 1;Brasil;3;Time 1;52800
Cliente 3;20213846;Produtos;20/04/2021;Cross selling;Vendedor 23;Brasil;13;Time 1;52287,69
Cliente 10;20180296;Serviços;20/06/2018;Upselling;Vendedor 1;Brasil;1;Time 1;51895,2
Cliente 10;20180104;Serviços;13/03/2018;Upselling;Vendedor 1;Brasil;1;Time 1;51894,86
Cliente 10;20180168;Serviços;30/04/2018;Upselling;Vendedor 1;Brasil;2;Time 1;51894,86
Cliente 10;20180169;Serviços;30/04/2018;Upselling;Vendedor 1;Brasil;2;Time 1;51894,86
Cliente 9;20180136;Serviços;29/05/2018;Upselling;Vendedor 4;Brasil;2;Time 2;51200
Cliente 2;20213418;Serviços;02/02/2021;Cross selling;Vendedor 3;Brasil;12;Time 1;51029,45
Cliente 5;20191728;Serviços;18/10/2019;Upselling;Vendedor 3;Brasil;2;Time 1;50457,6
Cliente 22;20180164;Produtos;30/04/2018;Novo Logo;Vendedor 1;Brasil;3;Time 1;50000
Cliente 94;20202604;Produtos;03/09/2020;Cross selling;Vendedor 7;Brasil;61;Time 5;50000
Cliente 4;20213802;Produtos;01/04/2021;Upselling;Vendedor 3;Brasil;12;Time 1;49952,97
Cliente 2;20203075;Licenciamento;14/12/2020;Renovação;Vendedor 3;Brasil;13;Time 1;49844,1
Cliente 109;20202537;Serviços;28/08/2020;Novo Logo;Vendedor 13;Brasil;2;Time 3;49279,44
Cliente 68;20201966;Serviços;09/03/2020;Upselling;Vendedor 14;Brasil;1;Time 3;48444,48
Cliente 68;20202311;Serviços;14/05/2020;Upselling;Vendedor 14;Brasil;1;Time 3;48192
Cliente 4;20180418;Serviços;15/08/2018;Upselling;Vendedor 2;Brasil;1;Time 2;48150
Cliente 75;20202328;Serviços;05/06/2020;Upselling;Vendedor 9;Brasil;3;Time 3;48043,2
Cliente 42;20180626;Serviços;12/12/2018;Novo Logo;Vendedor 9;Brasil;1;Time 3;48000
Cliente 14;20191202;Produtos;17/05/2019;Cross selling;Vendedor 10;Brasil;1;Time 7;46569
Cliente 4;20180477;Serviços;20/09/2018;Upselling;Vendedor 2;Brasil;2;Time 2;46200
Cliente 4;20191130;Licenciamento;26/08/2019;Upselling;Vendedor 3;Brasil;12;Time 1;45901,05
Cliente 135;20203097;Produtos;11/12/2020;Novo Logo;Vendedor 17;Brasil;12;Time 8;45798
Cliente 5;20180110;Serviços;02/03/2018;Upselling;Vendedor 3;Brasil;2;Time 1;45020,1
Cliente 51;20180387;Produtos;28/02/2019;Upselling;Vendedor 1;Brasil;2;Time 1;45000
Cliente 55;20191118;Serviços;16/04/2019;Novo Logo;Vendedor 3;Brasil;1;Time 1;45000
Cliente 5;20191217;Serviços;08/05/2019;Upselling;Vendedor 3;Brasil;1;Time 1;44891
Cliente 68;20202400;Serviços;09/06/2020;Upselling;Vendedor 14;Brasil;1;Time 3;44175,6
Cliente 43;20191810;Serviços;22/11/2019;Upselling;Vendedor 13;Brasil;1;Time 3;43795
Cliente 66;20191492;Serviços;11/07/2019;Upselling;Vendedor 11;Brasil;14;Time 3;41972,2
Cliente 8;20180171;Serviços;17/04/2018;Cross selling;Vendedor 2;Brasil;1;Time 2;40562,49
Cliente 10;20202583;Serviços;28/09/2020;Upselling;Vendedor 14;Brasil;1;Time 3;39996,6
Cliente 5;20180510;Serviços;17/10/2018;Upselling;Vendedor 3;Brasil;1;Time 1;39652,16
Cliente 49;20180180;Serviços;31/01/2019;Upselling;Vendedor 3;Brasil;1;Time 1;39469,99
Cliente 142;20203029;Produtos;15/12/2020;Novo Logo;Vendedor 17;Brasil;24;Time 8;39200
Cliente 26;20190884;Serviços;27/02/2019;Upselling;Vendedor 6;Brasil;1;Time 3;37899,88
Cliente 17;20180172;Serviços;18/04/2018;Cross selling;Vendedor 3;Brasil;1;Time 1;37710
Cliente 2;20213414;Serviços;02/02/2021;Cross selling;Vendedor 3;Brasil;12;Time 1;36800
Cliente 5;20202149;Serviços;06/03/2020;Renovação;Vendedor 3;Brasil;1;Time 1;36639,05
Cliente 10;20180670;Serviços;20/12/2018;Upselling;Vendedor 1;Brasil;2;Time 1;36326,64
Cliente 10;20190868;Serviços;13/02/2019;Upselling;Vendedor 1;Brasil;1;Time 1;36326,64
Cliente 26;20170137;Serviços;24/05/2018;Renovação;Vendedor 4;Brasil;1;Time 2;36000
Cliente 34;20180448;Serviços;28/09/2018;Cross selling;Vendedor 4;Brasil;1;Time 2;36000
Cliente 109;20213624;Serviços;17/03/2021;Upselling;Vendedor 13;Brasil;3;Time 3;35967
Cliente 154;20213591;Produtos;29/03/2021;Novo Logo;Vendedor 19;Brasil;37;Time 3;34920
Cliente 8;20180229;Serviços;14/05/2018;Upselling;Vendedor 2;Brasil;2;Time 2;34780
Cliente 10;20180445;Serviços;31/08/2018;Upselling;Vendedor 1;Brasil;1;Time 1;34596,8
Cliente 31;20180578;Serviços;21/11/2018;Upselling;Vendedor 9;Brasil;1;Time 3;32100
Cliente 32;20180475;Serviços;24/09/2018;Novo Logo;Vendedor 3;Brasil;1;Time 1;32000
Cliente 36;20180486;Serviços;01/10/2018;Novo Logo;Vendedor 3;Brasil;1;Time 1;31200
Cliente 43;20180659;Serviços;18/12/2018;Cross selling;Vendedor 6;Brasil;2;Time 3;31109,84
Cliente 131;20202997;Serviços;20/11/2020;Novo Logo;Vendedor 13;Brasil;1;Time 3;31080
Cliente 147;20203147;Produtos;31/12/2020;Novo Logo;Vendedor 17;Brasil;24;Time 8;30800
Cliente 159;20213375;Produtos;29/04/2021;Novo Logo;Vendedor 25;Brasil;24;Time 3;30720
Cliente 5;20191613;Serviços;10/09/2018;Upselling;Vendedor 3;Brasil;1;Time 1;30527,2
Cliente 5;20202057;Serviços;21/01/2020;Upselling;Vendedor 3;Brasil;1;Time 1;30527,2
Cliente 5;20191620;Serviços;25/09/2019;Upselling;Vendedor 3;Brasil;1;Time 1;30164,4
Cliente 73;20202286;Licenciamento;20/05/2020;Cross selling;Vendedor 12;Colombia;12;Time 10;30072
Cliente 8;20180579;Serviços;28/11/2018;Upselling;Vendedor 4;Brasil;1;Time 2;30000
Cliente 82;20203049;Serviços;30/11/2020;Cross selling;Vendedor 3;Brasil;1;Time 1;30000
Cliente 26;20213500;Serviços;05/04/2021;Upselling;Vendedor 18;Brasil;2;Time 1;29999,5
Cliente 127;20202921;Serviços;09/11/2020;Novo Logo;Vendedor 20;Brasil;3;Time 3;29964,48
Cliente 4;20202491;Serviços;22/12/2020;Upselling;Vendedor 3;Brasil;3;Time 1;29887,8
Cliente 121;20202539;Serviços;01/10/2020;Novo Logo;Vendedor 3;Brasil;2;Time 1;29592
Cliente 20;20180036;Serviços;30/04/2018;Novo Logo;Vendedor 1;Brasil;1;Time 1;29200
Cliente 132;20203033;Produtos;01/12/2020;Novo Logo;Vendedor 17;Brasil;24;Time 8;29196
Cliente 90;20201979;Serviços;05/02/2020;Novo Logo;Vendedor 1;Brasil;2;Time 1;28731,1
Cliente 8;20202356;Serviços;21/05/2020;Renovação;Vendedor 3;Brasil;1;Time 1;28560
Cliente 94;20202170;Serviços;31/03/2020;Novo Logo;Vendedor 7;Brasil;3;Time 5;28500
Cliente 5;20213869;Serviços;19/04/2021;Upselling;Vendedor 23;Brasil;1;Time 1;28480
Cliente 16;20213705;Serviços;25/03/2021;Upselling;Vendedor 20;Brasil;2;Time 3;27936
Cliente 143;20203034;Produtos;16/12/2020;Novo Logo;Vendedor 17;Brasil;12;Time 8;27477
Cliente 42;20191206;Produtos;14/05/2019;Upselling;Vendedor 14;Brasil;1;Time 3;27000
Cliente 40;20180572;Serviços;12/11/2018;Upselling;Vendedor 3;Brasil;1;Time 1;26070
Cliente 5;20202054;Serviços;20/01/2020;Renovação;Vendedor 3;Brasil;3;Time 1;25756,2
Cliente 37;20191002;Licenciamento;26/03/2019;Upselling;Vendedor 8;Mexico;7;Time 6;25738,41
Cliente 47;20180393;Serviços;15/01/2019;Cross selling;Vendedor 3;Brasil;12;Time 1;25600
Cliente 1;20170022;Serviços;02/01/2018;Novo Logo;Vendedor 1;Brasil;1;Time 1;24800
Cliente 5;20180611;Serviços;03/12/2018;Upselling;Vendedor 3;Brasil;1;Time 1;23874,75
Cliente 5;20202201;Serviços;27/03/2020;Renovação;Vendedor 3;Brasil;1;Time 1;23032
Cliente 5;20202313;Serviços;29/04/2020;Renovação;Vendedor 3;Brasil;1;Time 1;23032
Cliente 5;20202167;Serviços;13/03/2020;Renovação;Vendedor 3;Brasil;1;Time 1;23031,36
Cliente 5;20202404;Serviços;09/06/2020;Renovação;Vendedor 3;Brasil;1;Time 1;23031,36
Cliente 4;20191256;Licenciamento;23/05/2019;Upselling;Vendedor 3;Brasil;15;Time 1;22950,52
Cliente 25;20180344;Licenciamento;10/05/2019;Renovação;Vendedor 3;Brasil;12;Time 1;22895,98
Cliente 40;20191306;Serviços;17/06/2019;Upselling;Vendedor 3;Brasil;1;Time 1;22474,98
Cliente 5;20202254;Serviços;03/04/2020;Renovação;Vendedor 3;Brasil;1;Time 1;22377,06
Cliente 2;20191234;Licenciamento;15/05/2019;Upselling;Vendedor 3;Brasil;12;Time 1;22000
Cliente 2;20191364;Licenciamento;01/07/2019;Upselling;Vendedor 3;Brasil;12;Time 1;22000
Cliente 2;20191382;Licenciamento;03/07/2019;Upselling;Vendedor 3;Brasil;12;Time 1;22000
Cliente 5;20202949;Serviços;30/11/2020;Upselling;Vendedor 3;Brasil;2;Time 1;21905,1
Cliente 5;20202256;Serviços;03/04/2020;Renovação;Vendedor 3;Brasil;1;Time 1;21591,9
Cliente 5;20202302;Serviços;23/04/2020;Renovação;Vendedor 3;Brasil;1;Time 1;21591,9
Cliente 31;20180622;Serviços;09/12/2018;Upselling;Vendedor 9;Brasil;1;Time 3;21300
Cliente 68;20202513;Serviços;20/07/2020;Renovação;Vendedor 14;Brasil;1;Time 3;20800
Cliente 5;20191509;Serviços;01/08/2019;Upselling;Vendedor 3;Brasil;1;Time 1;20297,52
Cliente 2;20191875;Licenciamento;27/11/2019;Upselling;Vendedor 3;Brasil;12;Time 1;20102
Cliente 14;20191615;Serviços;13/09/2019;Upselling;Vendedor 10;Brasil;2;Time 7;19880
Cliente 33;20213678;Produtos;22/03/2021;Upselling;Vendedor 9;Brasil;2;Time 3;19289,36
Cliente 52;20180463;Serviços;19/03/2019;Novo Logo;Vendedor 9;Brasil;2;Time 3;18561,2
Cliente 3;20191478;Licenciamento;09/08/2019;Upselling;Vendedor 10;Brasil;2;Time 7;18503,55
Cliente 5;20202150;Serviços;06/03/2020;Renovação;Vendedor 3;Brasil;1;Time 1;18320,4
Cliente 25;20180196;Licenciamento;15/05/2018;Novo Logo;Vendedor 3;Brasil;12;Time 1;18053,67
Cliente 9;20180042;Serviços;07/02/2018;Upselling;Vendedor 4;Brasil;1;Time 2;17387,82
Cliente 13;20202084;Serviços;03/02/2020;Cross selling;Vendedor 13;Brasil;1;Time 3;17168,64
Cliente 10;20202337;Serviços;30/06/2020;Upselling;Vendedor 14;Brasil;3;Time 3;16433,48
Cliente 65;20191671;Serviços;27/09/2019;Cross selling;Vendedor 1;Brasil;1;Time 1;16000
Cliente 4;20180548;Serviços;08/01/2019;Cross selling;Vendedor 3;Brasil;1;Time 1;15899,16
Cliente 31;20191344;Serviços;26/06/2019;Upselling;Vendedor 9;Brasil;1;Time 3;15568,6
Cliente 34;20191790;Serviços;12/12/2019;Upselling;Vendedor 13;Brasil;1;Time 3;15000
Cliente 76;20202475;Serviços;01/09/2020;Upselling;Vendedor 1;Brasil;1;Time 1;14800
Cliente 9;20190888;Serviços;28/03/2019;Upselling;Vendedor 10;Brasil;1;Time 7;14634
Cliente 76;20202927;Serviços;28/12/2020;Upselling;Vendedor 1;Brasil;1;Time 1;14400
Cliente 4;20202154;Licenciamento;09/03/2020;Renovação;Vendedor 3;Brasil;12;Time 1;14246,76
Cliente 52;20191312;Serviços;26/06/2019;Cross selling;Vendedor 9;Brasil;1;Time 3;12645,12
Cliente 91;20191588;Serviços;19/02/2020;Novo Logo;Vendedor 14;Brasil;1;Time 3;12100
Cliente 76;20202926;Serviços;30/10/2020;Upselling;Vendedor 1;Brasil;1;Time 1;12000
Cliente 71;20202577;Produtos;01/09/2020;Cross selling;Vendedor 9;Brasil;12;Time 3;11172
Cliente 7;20202493;Serviços;27/07/2020;Upselling;Vendedor 20;Brasil;3;Time 3;10141,12
Cliente 5;20202176;Serviços;17/03/2020;Renovação;Vendedor 3;Brasil;1;Time 1;9618,48
Cliente 31;20191869;Serviços;19/11/2019;Upselling;Vendedor 9;Brasil;1;Time 3;9600
Cliente 11;20180046;Serviços;27/02/2018;Novo Logo;Vendedor 3;Brasil;1;Time 1;8990
Cliente 26;20180312;Serviços;20/06/2018;Cross selling;Vendedor 6;Brasil;1;Time 3;8990
Cliente 34;20180567;Serviços;12/11/2018;Cross selling;Vendedor 4;Brasil;1;Time 2;8990
Cliente 122;20202572;Serviços;01/10/2020;Novo Logo;Vendedor 3;Brasil;1;Time 1;7182
Cliente 87;20203114;Produtos;15/01/2020;Novo Logo;Vendedor 17;Brasil;24;Time 8;6772,5
Cliente 19;20180182;Serviços;23/04/2018;Novo Logo;Vendedor 3;Brasil;1;Time 1;6720
Cliente 18;20180177;Serviços;19/04/2018;Upselling;Vendedor 3;Brasil;1;Time 1;6000
Cliente 91;20202282;Serviços;17/04/2020;Upselling;Vendedor 14;Brasil;1;Time 3;5976,6
Cliente 5;20191614;Serviços;10/09/2019;Upselling;Vendedor 3;Brasil;1;Time 1;5566,24
Cliente 131;20213572;Serviços;02/03/2021;Upselling;Vendedor 13;Brasil;1;Time 3;4920
Cliente 76;20213283;Serviços;22/02/2021;Upselling;Vendedor 25;Brasil;1;Time 3;4906
Cliente 76;20213355;Serviços;22/02/2021;Upselling;Vendedor 25;Brasil;1;Time 3;4906
Cliente 39;20180570;Serviços;12/11/2018;Upselling;Vendedor 6;Brasil;1;Time 3;4495
Cliente 40;20180571;Serviços;12/11/2018;Upselling;Vendedor 3;Brasil;1;Time 1;4495
Cliente 144;20203028;Produtos;16/12/2020;Novo Logo;Vendedor 17;Brasil;12;Time 8;2500
Cliente 86;20203115;Produtos;11/01/2020;Novo Logo;Vendedor 17;Brasil;24;Time 8;2257,5
Cliente 120;20203124;Produtos;01/10/2020;Upselling;Vendedor 17;Brasil;24;Time 8;1250
